produto,qtd,un,data,setor,pedido,observacao,pago_em,mes,categoria,preco_medio,tempo_retirada_min
PAPEL HIGIÊNICO (PACOTE C/ 12 ROLOS),12,rolo,2026-06-01,Aloj. Fem,Pedido 1,,2026-06-01,6,Produto de limpeza,,
SACO PLASTICO 40LT,30,un,2026-06-01,Aloj. Fem,Pedido 1,,2026-06-01,6,Produto de limpeza,,
PANO LIMPEZA,3,un,2026-06-01,Aloj. Fem,Pedido 1,,2026-06-01,6,Produto de limpeza,,
DESINFETANTE LIQUIDO EMBALAGEM 1 LI,2,un,2026-06-01,Aloj. Fem,Pedido 1,,2026-06-01,6,Produto de limpeza,,
DETERGENTE LIQUIDO 500 ML,3,un,2026-06-01,Aloj. Fem,Pedido 1,,2026-06-01,6,Produto de limpeza,,
AGUA SANITÁRIA 1L,3,un,2026-06-01,Aloj. Fem,Pedido 1,,2026-06-01,6,Produto de limpeza,,
DETERGENTE LIQUIDO 500 ML,3,un,2026-06-01,Prefeitura,Pedido 2,,2026-06-01,6,Produto de limpeza,,
DESINFETANTE BIO-KRISS MULTIUSO 500ML,1,un,2026-06-01,Prefeitura,Pedido 2,,2026-06-01,6,Produto de limpeza,,
SABAO EM PO 1KG,1,un,2026-06-01,Prefeitura,Pedido 2,,2026-06-01,6,Produto de limpeza,,
PANO LIMPEZA,3,un,2026-06-01,Prefeitura,Pedido 2,,2026-06-01,6,Produto de limpeza,,
SACO PLASTICO 40LT,30,un,2026-06-01,Prefeitura,Pedido 2,,2026-06-01,6,Produto de limpeza,,
VASSOURA DE PELO SINTETICO,1,un,2026-06-01,Prefeitura,Pedido 2,,2026-06-01,6,Produto de limpeza,,
DESINFETANTE LIQUIDO EMBALAGEM 1 LI,1,un,2026-06-01,Prefeitura,Pedido 2,,2026-06-01,6,Produto de limpeza,,
SACO PLASTICO 100LT,30,un,2026-06-01,Prefeitura,Pedido 2,,2026-06-01,6,Produto de limpeza,,
AGUA SANITÁRIA 1L,2,un,2026-06-01,Prefeitura,Pedido 2,,2026-06-01,6,Produto de limpeza,,
PAPEL HIGIÊNICO (PACOTE C/ 12 ROLOS),12,rol,2026-06-01,Prefeitura,Pedido 2,,2026-06-01,6,Produto de limpeza,,
Envelope pardo 162x229MM,10,un,2026-06-02,Prefeitura,Pedido 2,,2026-06-02,6,Escritório,,
PAPEL A4 BRANCO 210X297 RESMA DE 500,1,resma,2026-06-02,Prefeitura,Pedido 2,,2026-06-02,6,Escritório,,
Caneta esferográfica preta,2,un,2026-06-02,Prefeitura,Pedido 2,,2026-06-02,6,Escritório,,
Borracha escolar branca,2,un,2026-06-02,Prefeitura,Pedido 2,,2026-06-02,6,Escritório,,
Tesoura 21 cm,2,un,2026-06-02,Prefeitura,Pedido 2,,2026-06-02,6,Produto de limpeza,,
SACO PLASTICO 100LT,100,un,2026-06-09,Faxina do Mestre,Pedido 3,,2026-06-09,6,Produto de limpeza,,
Cinza piso 18L,4,un,2026-06-09,Faxina do Mestre,Pedido 3,,2026-06-09,6,Produto de limpeza,,
DESINFETANTE LIQUIDO EMBALAGEM 1 LI,2,un,2026-06-09,Faxina do Mestre,Pedido 3,,2026-06-09,6,Produto de limpeza,,
Fita zebrada,1,un,2026-06-09,Faxina do Mestre,Pedido 3,,2026-06-09,6,Escritório,,
Lacre,50,un,2026-06-09,Faxina do Mestre,Pedido 3,,2026-06-09,6,Produto de limpeza,,
VASSOURA DE PELO SINTETICO,3,un,2026-06-09,Faxina do Mestre,Pedido 3,,2026-06-09,6,Produto de limpeza,,
PANO LIMPEZA,5,un,2026-06-09,Faxina do Mestre,Pedido 3,,2026-06-09,6,Produto de limpeza,,
Branco 18L,2,un,2026-06-09,Faxina do Mestre,Pedido 3,,2026-06-09,6,Produto de limpeza,,
Saco de lixo 200 L,50,un,2026-06-15,Obtenção,Pedido 4,,2026-06-15,6,Produto de limpeza,,
ALCOOL ETILICO 70% 1L,2,un,2026-06-15,Obtenção,Pedido 4,,2026-06-15,6,Produto de limpeza,,
AGUA SANITÁRIA 1L,3,un,2026-06-15,Obtenção,Pedido 4,,2026-06-15,6,Produto de limpeza,,
DETERGENTE LIQUIDO 500 ML,3,un,2026-06-15,Obtenção,Pedido 4,,2026-06-15,6,Produto de limpeza,,
PANO LIMPEZA,3,un,2026-06-15,Obtenção,Pedido 4,,2026-06-15,6,Produto de limpeza,,
LIMPA VIDROS 500ML,1,un,2026-06-15,Obtenção,Pedido 4,,2026-06-15,6,Produto de limpeza,,
LUSTRA MOVEIS 200ML,1,un,2026-06-15,Obtenção,Pedido 4,,2026-06-15,6,Produto de limpeza,,
DESINFETANTE BIO-KRISS MULTIUSO 500ML,2,un,2026-06-15,Obtenção,Pedido 4,,2026-06-15,6,Produto de limpeza,,
ESPONJA DUPLA FACE,2,un,2026-06-15,Obtenção,Pedido 4,,2026-06-15,6,Produto de limpeza,,
DESINFETANTE LÍQUIDO 5LITROS,1,un,2026-06-15,Obtenção,Pedido 4,,2026-06-15,6,Produto de limpeza,,
PEDRA SANITÁRIA,8,un,2026-06-12,DP,Pedido 5,,2026-06-12,6,Produto de limpeza,,
Lacre,100,un,2026-06-12,DP,Pedido 5,,2026-06-12,6,Produto de limpeza,,
Caneta esferográfica preta,4,un,2026-06-12,DP,Pedido 5,,2026-06-12,6,Escritório,,
PAPEL A4 BRANCO 210X297 RESMA DE 500,2,resma,2026-06-12,DP,Pedido 5,,2026-06-12,6,Escritório,,
PAPEL HIGIÊNICO (PACOTE C/ 04 ROLOS),6,un,2026-06-12,DP,Pedido 5,,2026-06-12,6,Produto de limpeza,,
DETERGENTE LIQUIDO 500 ML,4,un,2026-06-12,DP,Pedido 5,,2026-06-12,6,Produto de limpeza,,
ESPONJA DUPLA FACE,4,un,2026-06-12,DP,Pedido 5,,2026-06-12,6,Produto de limpeza,,
ALCOOL ETILICO 70% 1L,2,un,2026-06-12,DP,Pedido 5,,2026-06-12,6,Produto de limpeza,,
SABAO EM PO 1KG,3,un,2026-06-12,DP,Pedido 5,,2026-06-12,6,Produto de limpeza,,
PANO LIMPEZA,2,un,2026-06-12,DP,Pedido 5,,2026-06-12,6,Produto de limpeza,,
PAPEL TOALHA INTERFOLHADO FOLHA DUPLA un,3,un,2026-06-12,DP,Pedido 5,,2026-06-12,6,Produto de limpeza,,
Caneta marcador de texto amarelo,2,un,2026-06-16,DP,Pedido 5,,2026-06-16,6,Escritório,,
Pincel atômico vermelho,2,un,2026-06-16,DP,Pedido 5,,2026-06-16,6,Produto de limpeza,,
Caneta esferográfica azul,3,un,2026-06-16,DP,Pedido 5,,2026-06-16,6,Escritório,,
Prendedor de papel 32MM,10,un,2026-06-16,DP,Pedido 5,,2026-06-16,6,Escritório,,
PAPEL A4 BRANCO 210X297 RESMA DE 500,2,un,2026-06-16,DP,Pedido 5,,2026-06-16,6,Escritório,,
Tesoura 21 CM,2,un,2026-06-16,DP,Pedido 5,,2026-06-16,6,Produto de limpeza,,
Livro ATA Capa dura com 100Fls,2,un,2026-06-16,DP,Pedido 5,,2026-06-16,6,Escritório,,
DETERGENTE LIQUIDO 500 ML,5,un,2026-06-16,DP,Pedido 5,,2026-06-16,6,Produto de limpeza,,
SABONETE LÍQUIDO 500ML,5,un,2026-06-16,DP,Pedido 5,,2026-06-16,6,Produto de limpeza,,
PAPEL TOALHA INTERFOLHADO FOLHA DUPLA un,2,un,2026-06-16,DP,Pedido 5,,2026-06-16,6,Produto de limpeza,,
ALCOOL ETILICO 70% 1L,2,un,2026-06-16,DP,Pedido 5,,2026-06-16,6,Produto de limpeza,,
SABAO EM PO 1KG,2,un,2026-06-16,DP,Pedido 5,,2026-06-16,6,Produto de limpeza,,
SACO PLASTICO 40LT,21,un,2026-06-16,DP,Pedido 5,,2026-06-16,6,Produto de limpeza,,
PAPEL HIGIÊNICO (PACOTE C/ 04 ROLOS),6,un,2026-06-16,DP,Pedido 5,,2026-06-16,6,Produto de limpeza,,
ALCOOL GEL 500ML,2,un,2026-06-16,DP,Pedido 5,,2026-06-16,6,Produto de limpeza,,
DESINFETANTE LÍQUIDO 5LITROS,1,un,2026-06-16,DP,Pedido 5,,2026-06-16,6,Produto de limpeza,,
PANO LIMPEZA,3,un,2026-06-16,DP,Pedido 5,,2026-06-16,6,Produto de limpeza,,
SACO PLÁSTICO PARA LIXO 50 LITROS,100,un,2026-06-01,Conforto,Pedido 6,,2026-06-01,6,Produto de limpeza,,
DESINFETANTE LÍQUIDO 5LITROS,1,un,2026-06-01,Conforto,Pedido 6,,2026-06-01,6,Produto de limpeza,,
AGUA SANITÁRIA 1L,4,un,2026-06-01,Conforto,Pedido 6,,2026-06-01,6,Produto de limpeza,,
PANO LIMPEZA,2,un,2026-06-01,Conforto,Pedido 6,,2026-06-01,6,Produto de limpeza,,
PEDRA SANITÁRIA,5,un,2026-06-01,Conforto,Pedido 6,,2026-06-01,6,Produto de limpeza,,
PAPEL HIGIÊNICO (PACOTE C/ 04 ROLOS),12,rolo,2026-06-01,Conforto,Pedido 6,,2026-06-01,6,Produto de limpeza,,
SABONETE LÍQUIDO 500ML,1,un,2026-06-01,Conforto,Pedido 6,,2026-06-01,6,Produto de limpeza,,
ALCOOL ETILICO 70% 1L,2,un,2026-06-01,Conforto,Pedido 6,,2026-06-01,6,Produto de limpeza,,
RODO DE BORRACHA TAMANHO 60CM,1,un,2026-06-01,Conforto,Pedido 6,,2026-06-01,6,Produto de limpeza,,
VASSOURA DE PELO SINTETICO,1,un,2026-06-01,Conforto,Pedido 6,,2026-06-01,6,Produto de limpeza,,
PÁ PARA LIXO PEQUENA,1,un,2026-06-01,Conforto,Pedido 6,,2026-06-01,6,Produto de limpeza,,
PAPEL A4 BRANCO 210X297 RESMA DE 500,2,resma,2026-06-01,Conforto,Pedido 6,,2026-06-01,6,Escritório,,
PANO LIMPEZA,3,un,2026-06-09,VDT,Pedido 7,,2026-06-09,6,Produto de limpeza,,
Saco de lixo 200 L,5,un,2026-06-09,VDT,Pedido 7,,2026-06-09,6,Produto de limpeza,,
PAPEL A4 BRANCO 210X297 RESMA DE 500,1,resma,2026-06-16,VDT,Pedido 7,,2026-06-16,6,Escritório,,
PANO LIMPEZA,5,un,2026-06-16,VDT,Pedido 7,,2026-06-16,6,Produto de limpeza,,
Saco de lixo 200 L,5,un,2026-06-16,VDT,Pedido 7,,2026-06-16,6,Produto de limpeza,,
PAPEL A4 BRANCO 210X297 RESMA DE 500,1,resma,2026-06-09,VDT,Pedido 7,,2026-06-09,6,Escritório,,
Caneta esferográfica preta,3,un,2026-06-09,VDT,Pedido 7,,2026-06-09,6,Escritório,,
Cola plástica 90g,3,un,2026-06-16,Contabilidade,Pedido 8,,2026-06-16,6,Escritório,,
Caneta esferográfica preta,3,un,2026-06-16,Contabilidade,Pedido 8,,2026-06-16,6,Escritório,,
Grampeador p/papel,2,un,2026-06-16,Contabilidade,Pedido 8,,2026-06-16,6,Escritório,,
Borracha escolar branca,4,un,2026-06-16,Contabilidade,Pedido 8,,2026-06-16,6,Escritório,,
Caneta esferográfica vermelha,3,un,2026-06-16,Contabilidade,Pedido 8,,2026-06-16,6,Escritório,,
PAPEL A4 BRANCO 210X297 RESMA DE 500,2,un,2026-06-16,Contabilidade,Pedido 8,,2026-06-16,6,Escritório,,
Grampo p/ grampeador 26/06,2,un,2026-06-16,Contabilidade,Pedido 8,,2026-06-16,6,Escritório,,
SACO PLASTICO 100LT,500,un,2026-06-01,Cozinha,Pedido 9,,2026-06-01,6,Produto de limpeza,,
DESINFETANTE LÍQUIDO 5LITROS,3,un,2026-06-01,Cozinha,Pedido 9,,2026-06-01,6,Produto de limpeza,,
AGUA SANITÁRIA 1L,30,un,2026-06-01,Cozinha,Pedido 9,,2026-06-01,6,Produto de limpeza,,
DETERGENTE LIQUIDO 500 ML,96,un,2026-06-01,Cozinha,Pedido 9,,2026-06-01,6,Produto de limpeza,,
ESPONJA DUPLA FACE,6,un,2026-06-01,Cozinha,Pedido 9,,2026-06-01,6,Produto de limpeza,,
PANO LIMPEZA,10,un,2026-06-01,Cozinha,Pedido 9,,2026-06-01,6,Produto de limpeza,,
ALCOOL ETILICO 70% 1L,3,un,2026-06-01,Cozinha,Pedido 9,,2026-06-01,6,Produto de limpeza,,
PAPEL TOALHA BRANCO,2,un,2026-06-01,Cozinha,Pedido 9,,2026-06-01,6,Produto de limpeza,,
TOUCA C/100UN,4,un,2026-06-01,Cozinha,Pedido 9,,2026-06-01,6,Produto de limpeza,,
LUVA P/PROCEDIMENTOS NÃO CIRÚGICO CX100,4,un,2026-06-01,Cozinha,Pedido 9,,2026-06-01,6,Produto de limpeza,,
SABAO EM PO 1KG,20,un,2026-06-01,Cozinha,Pedido 9,,2026-06-01,6,Produto de limpeza,,
PANO PERFEX,20,un,2026-06-01,Cozinha,Pedido 9,,2026-06-01,6,Produto de limpeza,,
ODORIZANTE DE AMBIENTES,2,un,2026-06-01,Cozinha,Pedido 9,,2026-06-01,6,Produto de limpeza,,
ALCOOL GEL 500ML,4,un,2026-06-01,Cozinha,Pedido 9,,2026-06-01,6,Produto de limpeza,,
SABONETE LÍQUIDO 500ML,2,un,2026-06-01,Cozinha,Pedido 9,,2026-06-01,6,Produto de limpeza,,
RODO DE BORRACHA TAMANHO 60CM,1,un,2026-06-01,Cozinha,Pedido 9,,2026-06-01,6,Produto de limpeza,,
VASSOURA DE PELO SINTETICO,2,un,2026-06-01,Cozinha,Pedido 9,,2026-06-01,6,Produto de limpeza,,
BALDE PLASTICO 10 LI P/LIMPEZA,4,un,2026-06-01,Cozinha,Pedido 9,,2026-06-01,6,Produto de limpeza,,
PÁ PARA LIXO PEQUENA,4,un,2026-06-01,Cozinha,Pedido 9,,2026-06-01,6,Produto de limpeza,,
ESPONJA DUPLA FACE,3,un,2026-06-15,Of. de Docagem,Pedido 10,,2026-06-15,6,Produto de limpeza,,
AGUA SANITÁRIA 1L,3,un,2026-06-15,Of. de Docagem,Pedido 10,,2026-06-15,6,Produto de limpeza,,
Desinfetante Líquido Embalagem 2L,3,un,2026-06-15,Of. de Docagem,Pedido 10,,2026-06-15,6,Produto de limpeza,,
DETERGENTE LIQUIDO 500 ML,3,un,2026-06-15,Of. de Docagem,Pedido 10,,2026-06-15,6,Produto de limpeza,,
PAPEL HIGIÊNICO (PACOTE C/ 04 ROLOS),3,un,2026-06-15,Of. de Docagem,Pedido 10,,2026-06-15,6,Produto de limpeza,,
SABAO EM PO 1KG,2,un,2026-06-15,Of. de Docagem,Pedido 10,,2026-06-15,6,Produto de limpeza,,
SACO PLASTICO 100LT,10,un,2026-06-15,Of. de Docagem,Pedido 10,,2026-06-15,6,Produto de limpeza,,
SACO PLASTICO 40LT,20,un,2026-06-15,Of. de Docagem,Pedido 10,,2026-06-15,6,Produto de limpeza,,
DESINFETANTE BIO-KRISS MULTIUSO 500ML,1,un,2026-06-15,Of. de Docagem,Pedido 10,,2026-06-15,6,Produto de limpeza,,
ESPONJA DUPLA FACE,2,un,2026-06-09,ETA/ETE,Pedido 11,,2026-06-09,6,Produto de limpeza,,
PAPEL HIGIÊNICO (PACOTE C/ 04 ROLOS),2,un,2026-06-09,ETA/ETE,Pedido 11,,2026-06-09,6,Produto de limpeza,,
DESINFETANTE BIO-KRISS MULTIUSO 500ML,2,un,2026-06-09,ETA/ETE,Pedido 11,,2026-06-09,6,Produto de limpeza,,
Esponja de aço,1,un,2026-06-09,ETA/ETE,Pedido 11,,2026-06-09,6,Produto de limpeza,,
PAPEL TOALHA INTERFOLHADO FOLHA DUPLA un,1,un,2026-06-09,ETA/ETE,Pedido 11,,2026-06-09,6,Produto de limpeza,,
SACO PLASTICO 100LT,20,un,2026-06-09,ETA/ETE,Pedido 11,,2026-06-09,6,Produto de limpeza,,
DESINFETANTE LIQUIDO EMBALAGEM 1 LI,1,un,2026-06-09,ETA/ETE,Pedido 11,,2026-06-09,6,Produto de limpeza,,
DETERGENTE LIQUIDO 500 ML,3,un,2026-06-09,ETA/ETE,Pedido 11,,2026-06-09,6,Produto de limpeza,,
PANO LIMPEZA,2,un,2026-06-09,ETA/ETE,Pedido 11,,2026-06-09,6,Produto de limpeza,,
AGUA SANITÁRIA 1L,2,un,2026-06-09,ETA/ETE,Pedido 11,,2026-06-09,6,Produto de limpeza,,
PANO LIMPEZA,10,un,2026-06-18,Salões,Pedido 12,,2026-06-18,6,Produto de limpeza,,
SABONETE LÍQUIDO 500ML,2,un,2026-06-18,Salões,Pedido 12,,2026-06-18,6,Produto de limpeza,,
ALCOOL ETILICO 70% 1L,3,un,2026-06-18,Salões,Pedido 12,,2026-06-18,6,Produto de limpeza,,
LIMPA VIDROS 500ML,3,un,2026-06-18,Salões,Pedido 12,,2026-06-18,6,Produto de limpeza,,
SACO PLASTICO 100LT,200,un,2026-06-18,Salões,Pedido 12,,2026-06-18,6,Produto de limpeza,,
AGUA SANITÁRIA 1L,12,un,2026-06-18,Salões,Pedido 12,,2026-06-18,6,Produto de limpeza,,
DESINFETANTE LÍQUIDO 5LITROS,3,un,2026-06-18,Salões,Pedido 12,,2026-06-18,6,Produto de limpeza,,
DETERGENTE LIQUIDO 500 ML,48,un,2026-06-18,Salões,Pedido 12,,2026-06-18,6,Produto de limpeza,,
ESPONJA DUPLA FACE,4,un,2026-06-18,Div. De Transportes,Pedido 13,,2026-06-18,6,Produto de limpeza,,
PAPEL HIGIÊNICO (PACOTE C/ 12 ROLOS),12,un,2026-06-18,Div. De Transportes,Pedido 13,,2026-06-18,6,Produto de limpeza,,
DETERGENTE LIQUIDO 500 ML,8,un,2026-06-18,Div. De Transportes,Pedido 13,,2026-06-18,6,Produto de limpeza,,
PANO LIMPEZA,4,un,2026-06-18,Div. De Transportes,Pedido 13,,2026-06-18,6,Produto de limpeza,,
DESINFETANTE LIQUIDO EMBALAGEM 1 LI,4,un,2026-06-18,Div. De Transportes,Pedido 13,,2026-06-18,6,Produto de limpeza,,
DETERGENTE LIQUIDO 500 ML,3,un,2026-06-15,CEM,Pedido 14,,2026-06-15,6,Produto de limpeza,,
SACO PLASTICO 100LT,50,un,2026-06-15,CEM,Pedido 14,,2026-06-15,6,Produto de limpeza,,
SACO PLASTICO 40LT,50,un,2026-06-15,CEM,Pedido 14,,2026-06-15,6,Produto de limpeza,,
ODORIZANTE DE AMBIENTES,1,un,2026-06-15,CEM,Pedido 14,,2026-06-15,6,Produto de limpeza,,
DESINFETANTE LIQUIDO EMBALAGEM 1 LI,3,un,2026-06-15,CEM,Pedido 14,,2026-06-15,6,Produto de limpeza,,
AGUA SANITÁRIA 1L,3,un,2026-06-15,CEM,Pedido 14,,2026-06-15,6,Produto de limpeza,,
PANO LIMPEZA,3,un,2026-06-15,CEM,Pedido 14,,2026-06-15,6,Produto de limpeza,,
LIMPA VIDROS 500ML,1,un,2026-06-15,CEM,Pedido 14,,2026-06-15,6,Produto de limpeza,,
DESINFETANTE BIO-KRISS MULTIUSO 500ML,1,un,2026-06-15,CEM,Pedido 14,,2026-06-15,6,Produto de limpeza,,
SABAO EM PO 1KG,3,un,2026-06-15,CEM,Pedido 14,,2026-06-15,6,Produto de limpeza,,
ESPONJA DUPLA FACE,3,un,2026-06-15,CEM,Pedido 14,,2026-06-15,6,Produto de limpeza,,
PAPEL HIGIÊNICO (PACOTE C/ 12 ROLOS),12,un,2026-06-15,CEM,Pedido 14,,2026-06-15,6,Produto de limpeza,,
DETERGENTE LIQUIDO 500 ML,48,un,2026-06-22,Cozinha,Pedido 15,,2026-06-22,6,Produto de limpeza,,
SACO PLASTICO 100LT,200,un,2026-06-22,Cozinha,Pedido 15,,2026-06-22,6,Produto de limpeza,,
ESPONJA DUPLA FACE,10,un,2026-06-22,Cozinha,Pedido 15,,2026-06-22,6,Produto de limpeza,,
PAPEL TOALHA INTERFOLHADO FOLHA DUPLA un,2,un,2026-06-22,Cozinha,Pedido 15,,2026-06-22,6,Produto de limpeza,,
SABAO EM PO 1KG,10,un,2026-06-22,Cozinha,Pedido 15,,2026-06-22,6,Produto de limpeza,,
LUVA P/PROCEDIMENTOS NÃO CIRÚGICO CX100,4,un,2026-06-22,Cozinha,Pedido 15,,2026-06-22,6,Produto de limpeza,,
SABONETE LÍQUIDO 500ML,2,un,2026-06-22,Cozinha,Pedido 15,,2026-06-22,6,Produto de limpeza,,
DESINFETANTE LÍQUIDO 5LITROS,3,un,2026-06-22,Cozinha,Pedido 15,,2026-06-22,6,Produto de limpeza,,
PANO LIMPEZA,8,un,2026-06-22,Cozinha,Pedido 15,,2026-06-22,6,Produto de limpeza,,
AGUA SANITÁRIA 1L,10,un,2026-06-22,Cozinha,Pedido 15,,2026-06-22,6,Produto de limpeza,,
RODO DE BORRACHA TAMANHO 60CM,2,un,2026-06-22,Cozinha,Pedido 15,,2026-06-22,6,Produto de limpeza,,
DESINFETANTE LIQUIDO EMBALAGEM 1 LI,3,un,2026-06-09,PNR,Pedido 16,,2026-06-09,6,Produto de limpeza,,
RODO DE BORRACHA TAMANHO 60CM,1,un,2026-06-09,PNR,Pedido 16,,2026-06-09,6,Produto de limpeza,,
DETERGENTE LIQUIDO 500 ML,3,un,2026-06-09,PNR,Pedido 16,,2026-06-09,6,Produto de limpeza,,
DETERGENTE LIQUIDO 500 ML,6,un,2026-06-18,Div. De Eletricidade,Pedido 17,,2026-06-18,6,Produto de limpeza,,
SABAO EM PO 1KG,2,un,2026-06-18,Div. De Eletricidade,Pedido 17,,2026-06-18,6,Produto de limpeza,,
Caneta esferográfica preta,4,un,2026-06-18,Div. De Eletricidade,Pedido 17,,2026-06-18,6,Escritório,,
AGUA SANITÁRIA 1L,6,un,2026-06-18,Div. De Eletricidade,Pedido 17,,2026-06-18,6,Produto de limpeza,,
PAPEL HIGIÊNICO (PACOTE C/ 12 ROLOS),4,un,2026-06-18,Div. De Eletricidade,Pedido 17,,2026-06-18,6,Produto de limpeza,,
PAPEL A4 BRANCO 210X297 RESMA DE 500,1,un,2026-06-18,Div. De Eletricidade,Pedido 17,,2026-06-18,6,Escritório,,
DESINFETANTE LÍQUIDO 5LITROS,2,un,2026-06-18,Div. De Eletricidade,Pedido 17,,2026-06-18,6,Produto de limpeza,,
PANO LIMPEZA,4,un,2026-06-18,Div. De Eletricidade,Pedido 17,,2026-06-18,6,Produto de limpeza,,
Lacre,50,un,2026-06-18,DP,Pedido 18,,2026-06-18,6,Produto de limpeza,,
PEDRA SANITÁRIA,8,un,2026-06-18,DP,Pedido 18,,2026-06-18,6,Produto de limpeza,,
PANO PERFEX,10,un,2026-06-18,Salões,Pedido 19,,2026-06-18,6,Produto de limpeza,,
TOUCA C/100UN,2,un,2026-06-18,Salões,Pedido 19,,2026-06-18,6,Produto de limpeza,,
DESINFETANTE LÍQUIDO 5LITROS,2,un,2026-06-18,CAV,Pedido 20,,2026-06-18,6,Produto de limpeza,,
SACO PLASTICO 40LT,10,un,2026-06-18,CAV,Pedido 20,,2026-06-18,6,Produto de limpeza,,
SACO PLASTICO 100LT,10,un,2026-06-18,CAV,Pedido 20,,2026-06-18,6,Produto de limpeza,,
PANO LIMPEZA,3,un,2026-06-18,CAV,Pedido 20,,2026-06-18,6,Produto de limpeza,,
SABAO EM PO 1KG,2,un,2026-06-18,CAV,Pedido 20,,2026-06-18,6,Produto de limpeza,,
DETERGENTE LIQUIDO 500 ML,5,un,2026-06-18,CAV,Pedido 20,,2026-06-18,6,Produto de limpeza,,
ALCOOL ETILICO 70% 1L,1,un,2026-06-18,CAV,Pedido 20,,2026-06-18,6,Produto de limpeza,,
ESPONJA DUPLA FACE,3,un,2026-06-18,CAV,Pedido 20,,2026-06-18,6,Produto de limpeza,,
AGUA SANITÁRIA 1L,4,un,2026-06-23,PNR(COMIMSUP),Pedido 21,,2026-06-23,6,Produto de limpeza,,
DESINFETANTE LIQUIDO EMBALAGEM 1 LI,4,un,2026-06-23,PNR(COMIMSUP),Pedido 21,,2026-06-23,6,Produto de limpeza,,
DETERGENTE LIQUIDO 500 ML,4,un,2026-06-23,PNR(COMIMSUP),Pedido 21,,2026-06-23,6,Produto de limpeza,,
PAPEL HIGIÊNICO (PACOTE C/ 12 ROLOS),12,un,2026-06-23,PNR(COMIMSUP),Pedido 21,,2026-06-23,6,Produto de limpeza,,
ESPONJA DUPLA FACE,3,un,2026-06-23,PNR(COMIMSUP),Pedido 21,,2026-06-23,6,Produto de limpeza,,
LUVA DE LATEX FORRADA PARA LIMPEZA,1,un,2026-06-23,PNR(COMIMSUP),Pedido 21,,2026-06-23,6,Produto de limpeza,,
SACO PLASTICO 100LT,30,un,2026-06-23,PNR(COMIMSUP),Pedido 21,,2026-06-23,6,Produto de limpeza,,
SACO PLASTICO 40LT,15,un,2026-06-23,PNR(COMIMSUP),Pedido 21,,2026-06-23,6,Produto de limpeza,,
DESINFETANTE BIO-KRISS MULTIUSO 500ML,3,un,2026-06-23,PNR(COMIMSUP),Pedido 21,,2026-06-23,6,Produto de limpeza,,
PANO LIMPEZA,3,un,2026-06-23,PNR(COMIMSUP),Pedido 21,,2026-06-23,6,Produto de limpeza,,
AGUA SANITÁRIA 1L,4,un,2026-06-25,PNR(COMIMSUP),Pedido 21,,2026-06-25,6,Produto de limpeza,,
DESINFETANTE LIQUIDO EMBALAGEM 1 LI,4,un,2026-06-25,PNR(COMIMSUP),Pedido 21,,2026-06-25,6,Produto de limpeza,,
DETERGENTE LIQUIDO 500 ML,4,un,2026-06-25,PNR(COMIMSUP),Pedido 21,,2026-06-25,6,Produto de limpeza,,
PAPEL HIGIÊNICO (PACOTE C/ 12 ROLOS),12,un,2026-06-25,PNR(COMIMSUP),Pedido 21,,2026-06-25,6,Produto de limpeza,,
ESPONJA DUPLA FACE,3,un,2026-06-25,PNR(COMIMSUP),Pedido 21,,2026-06-25,6,Produto de limpeza,,
LUVA DE LATEX FORRADA PARA LIMPEZA,1,un,2026-06-25,PNR(COMIMSUP),Pedido 21,,2026-06-25,6,Produto de limpeza,,
SACO PLASTICO 100LT,30,un,2026-06-25,PNR(COMIMSUP),Pedido 21,,2026-06-25,6,Produto de limpeza,,
SACO PLASTICO 40LT,15,un,2026-06-25,PNR(COMIMSUP),Pedido 21,,2026-06-25,6,Produto de limpeza,,
DESINFETANTE BIO-KRISS MULTIUSO 500ML,3,un,2026-06-25,PNR(COMIMSUP),Pedido 21,,2026-06-25,6,Produto de limpeza,,
PANO LIMPEZA,3,un,2026-06-25,PNR(COMIMSUP),Pedido 21,,2026-06-25,6,Produto de limpeza,,
DETERGENTE LIQUIDO 500 ML,3,un,2026-06-25,Prefeitura,Pedido 22,,2026-06-25,6,Produto de limpeza,,
DESINFETANTE BIO-KRISS MULTIUSO 500ML,3,un,2026-06-25,Prefeitura,Pedido 22,,2026-06-25,6,Produto de limpeza,,
SABAO EM PO 1KG,3,un,2026-06-25,Prefeitura,Pedido 22,,2026-06-25,6,Produto de limpeza,,
AGUA SANITÁRIA 1L,4,un,2026-06-25,Prefeitura,Pedido 22,,2026-06-25,6,Produto de limpeza,,
PAPEL HIGIÊNICO (PACOTE C/ 12 ROLOS),12,un,2026-06-25,Prefeitura,Pedido 22,,2026-06-25,6,Produto de limpeza,,
DESINFETANTE LIQUIDO EMBALAGEM 1 LI,3,un,2026-06-25,Prefeitura,Pedido 22,,2026-06-25,6,Produto de limpeza,,
PANO LIMPEZA,3,un,2026-06-25,Prefeitura,Pedido 22,,2026-06-25,6,Produto de limpeza,,
ODORIZANTE DE AMBIENTES,1,un,2026-06-25,Prefeitura,Pedido 22,,2026-06-25,6,Produto de limpeza,,
SACO PLASTICO 100LT,15,un,2026-06-25,Prefeitura,Pedido 22,,2026-06-25,6,Produto de limpeza,,
DESINFETANTE LIQUIDO EMBALAGEM 1 LI,3,un,2026-06-25,PNR(COMIMSUP),Pedido 23,,2026-06-25,6,Produto de limpeza,,
DETERGENTE LIQUIDO 500 ML,4,un,2026-06-25,PNR(COMIMSUP),Pedido 23,,2026-06-25,6,Produto de limpeza,,
PAPEL HIGIÊNICO (PACOTE C/ 12 ROLOS),12,un,2026-06-25,PNR(COMIMSUP),Pedido 23,,2026-06-25,6,Produto de limpeza,,
SACO PLASTICO 100LT,20,un,2026-06-25,PNR(COMIMSUP),Pedido 23,,2026-06-25,6,Produto de limpeza,,
AGUA SANITÁRIA 1L,2,un,2026-06-25,PNR(COMIMSUP),Pedido 23,,2026-06-25,6,Produto de limpeza,,
PANO LIMPEZA,3,un,2026-06-25,PNR(COMIMSUP),Pedido 23,,2026-06-25,6,Produto de limpeza,,
SABAO EM PO 1KG,8,un,2026-06-25,PNR(COMIMSUP),Pedido 23,,2026-06-25,6,Produto de limpeza,,
PAPEL A4 BRANCO 210X297 RESMA DE 500,2,resma,2026-06-23,Prefeitura,Pedido 24,,2026-06-23,6,Escritório,,
Caneta esferográfica preta,10,un,2026-06-23,Prefeitura,Pedido 24,,2026-06-23,6,Escritório,,
SACO PLASTICO 100LT,50,un,2026-06-25,Faxina do Mestre,Pedido 25,,2026-06-25,6,Produto de limpeza,,
DETERGENTE LIQUIDO 500 ML,3,un,2026-06-25,Faxina do Mestre,Pedido 25,,2026-06-25,6,Produto de limpeza,,
SABAO EM PO 1KG,2,un,2026-06-25,Faxina do Mestre,Pedido 25,,2026-06-25,6,Produto de limpeza,,
VASSOURA DE PELO SINTETICO,1,un,2026-06-25,Faxina do Mestre,Pedido 25,,2026-06-25,6,Produto de limpeza,,
DESINFETANTE LIQUIDO EMBALAGEM 1 LI,2,un,2026-06-25,Faxina do Mestre,Pedido 25,,2026-06-25,6,Produto de limpeza,,
PANO LIMPEZA,3,un,2026-06-25,Faxina do Mestre,Pedido 25,,2026-06-25,6,Produto de limpeza,,
ALCOOL GEL 500ML,2,un,2026-06-25,SECOM,Pedido 26,,2026-06-25,6,Produto de limpeza,,
Desinfetante liquido embalagem 2L,2,un,2026-06-25,SECOM,Pedido 26,,2026-06-25,6,Produto de limpeza,,
ALCOOL ETILICO 70% 1L,2,un,2026-06-25,SECOM,Pedido 26,,2026-06-25,6,Produto de limpeza,,
PANO LIMPEZA,2,un,2026-06-25,SECOM,Pedido 26,,2026-06-25,6,Produto de limpeza,,
PAPEL HIGIÊNICO (PACOTE C/ 04 ROLOS),1,un,2026-06-25,SECOM,Pedido 26,,2026-06-25,6,Produto de limpeza,,
AGUA SANITÁRIA 1L,1,un,2026-06-25,SECOM,Pedido 26,,2026-06-25,6,Produto de limpeza,,
SABONETE LÍQUIDO 500ML,2,un,2026-06-25,SECOM,Pedido 26,,2026-06-25,6,Produto de limpeza,,
SABAO EM PO 1KG,2,un,2026-06-25,SECOM,Pedido 26,,2026-06-25,6,Produto de limpeza,,
DESINFETANTE BIO-KRISS MULTIUSO 500ML,1,un,2026-06-25,SECOM,Pedido 26,,2026-06-25,6,Produto de limpeza,,
ESPONJA DUPLA FACE,1,un,2026-06-25,SECOM,Pedido 26,,2026-06-25,6,Produto de limpeza,,
DETERGENTE LIQUIDO 500 ML,2,un,2026-06-25,SECOM,Pedido 26,,2026-06-25,6,Produto de limpeza,,
SACO PLASTICO 60LT,20,un,2026-06-25,SECOM,Pedido 26,,2026-06-25,6,Produto de limpeza,,
ODORIZANTE DE AMBIENTES,1,un,2026-06-25,SECOM,Pedido 26,,2026-06-25,6,Produto de limpeza,,
PAPEL A4 BRANCO 210X297 RESMA DE 500,2,resma,2026-06-25,SECOM,Pedido 26,,2026-06-25,6,Escritório,,
DESINFETANTE LIQUIDO EMBALAGEM 1 LI,3,un,2026-06-25,ETA/ETE,Pedido 27,,2026-06-25,6,Produto de limpeza,,
DETERGENTE LIQUIDO 500 ML,4,un,2026-06-25,ETA/ETE,Pedido 27,,2026-06-25,6,Produto de limpeza,,
ALCOOL GEL 500ML,2,un,2026-06-25,ETA/ETE,Pedido 27,,2026-06-25,6,Produto de limpeza,,
ESPONJA DUPLA FACE,3,un,2026-06-25,ETA/ETE,Pedido 27,,2026-06-25,6,Produto de limpeza,,
DESINFETANTE BIO-KRISS MULTIUSO 500ML,2,un,2026-06-25,ETA/ETE,Pedido 27,,2026-06-25,6,Produto de limpeza,,
PAPEL TOALHA INTERFOLHADO FOLHA DUPLA un,1,un,2026-06-25,ETA/ETE,Pedido 27,,2026-06-25,6,Produto de limpeza,,
PANO LIMPEZA,3,un,2026-06-25,ETA/ETE,Pedido 27,,2026-06-25,6,Produto de limpeza,,
SACO PLASTICO 100LT,30,un,2026-06-25,ETA/ETE,Pedido 27,,2026-06-25,6,Produto de limpeza,,
Tesoura 21 CM,1,un,2026-06-25,ETA/ETE,Pedido 27,,2026-06-25,6,Produto de limpeza,,
AGUA SANITÁRIA 1L,6,un,2026-06-25,ETA/ETE,Pedido 27,,2026-06-25,6,Produto de limpeza,,
PAPEL HIGIÊNICO (PACOTE C/ 12 ROLOS),12,un,2026-06-25,ETA/ETE,Pedido 27,,2026-06-25,6,Produto de limpeza,,
ESPONJA DUPLA FACE,3,un,2026-06-26,VDT,Pedido 28,,2026-06-26,6,Produto de limpeza,,
PAPEL HIGIÊNICO (PACOTE C/ 04 ROLOS),3,un,2026-06-26,VDT,Pedido 28,,2026-06-26,6,Produto de limpeza,,
SABAO EM PO 1KG,2,un,2026-06-26,VDT,Pedido 28,,2026-06-26,6,Produto de limpeza,,
DETERGENTE LIQUIDO 500 ML,4,un,2026-06-26,VDT,Pedido 28,,2026-06-26,6,Produto de limpeza,,
PANO LIMPEZA,5,un,2026-06-26,VDT,Pedido 28,,2026-06-26,6,Produto de limpeza,,
SACO PLASTICO 60LT,10,un,2026-06-26,VDT,Pedido 28,,2026-06-26,6,Produto de limpeza,,
AGUA SANITÁRIA 1L,2,un,2026-06-26,VDT,Pedido 28,,2026-06-26,6,Produto de limpeza,,
DESINFETANTE LIQUIDO EMBALAGEM 1 LI,2,un,2026-06-26,VDT,Pedido 28,,2026-06-26,6,Produto de limpeza,,
VASSOURA DE PELO SINTETICO,2,un,2026-06-26,VDT,Pedido 28,,2026-06-26,6,Produto de limpeza,,
RODO DE BORRACHA TAMANHO 60CM,3,un,2026-06-26,VDT,Pedido 28,,2026-06-26,6,Produto de limpeza,,
DESINFETANTE LIQUIDO EMBALAGEM 1 LI,2,un,2026-06-26,Obtenção,Pedido 29,,2026-06-26,6,Produto de limpeza,,
AGUA SANITÁRIA 1L,1,un,2026-06-26,Obtenção,Pedido 29,,2026-06-26,6,Produto de limpeza,,
DESINFETANTE BIO-KRISS MULTIUSO 500ML,1,un,2026-06-26,Obtenção,Pedido 29,,2026-06-26,6,Produto de limpeza,,
DETERGENTE LIQUIDO 500 ML,3,un,2026-06-26,Obtenção,Pedido 29,,2026-06-26,6,Produto de limpeza,,
PAPEL A4 BRANCO 210X297 RESMA DE 500,3,resma,2026-06-26,Obtenção,Pedido 29,,2026-06-26,6,Escritório,,
SACO PLASTICO 100LT,10,un,2026-06-26,Obtenção,Pedido 29,,2026-06-26,6,Produto de limpeza,,
ALCOOL ETILICO 70% 1L,2,un,2026-06-26,Obtenção,Pedido 29,,2026-06-26,6,Produto de limpeza,,
ESPONJA DUPLA FACE,3,un,2026-06-26,Obtenção,Pedido 29,,2026-06-26,6,Produto de limpeza,,
LIMPA VIDROS 500ML,1,un,2026-06-26,Obtenção,Pedido 29,,2026-06-26,6,Produto de limpeza,,
PANO LIMPEZA,5,un,2026-06-26,Obtenção,Pedido 29,,2026-06-26,6,Produto de limpeza,,
LUSTRA MOVEIS 200ML,1,un,2026-06-26,Obtenção,Pedido 29,,2026-06-26,6,Produto de limpeza,,
PAPEL HIGIÊNICO (PACOTE C/ 04 ROLOS),2,un,2026-06-26,Div. De Eletricidade,Pedido 30,,2026-06-26,6,Produto de limpeza,,
SACO PLASTICO 60LT,30,un,2026-06-26,Div. De Eletricidade,Pedido 30,,2026-06-26,6,Produto de limpeza,,
DESINFETANTE LÍQUIDO 5LITROS,1,un,2026-06-26,Div. De Eletricidade,Pedido 30,,2026-06-26,6,Produto de limpeza,,
DETERGENTE LIQUIDO 500 ML,3,un,2026-06-26,Div. De Eletricidade,Pedido 30,,2026-06-26,6,Produto de limpeza,,
SABONETE LÍQUIDO 500ML,1,un,2026-06-26,Div. De Eletricidade,Pedido 30,,2026-06-26,6,Produto de limpeza,,
ESPONJA DUPLA FACE,2,un,2026-06-26,Div. De Eletricidade,Pedido 30,,2026-06-26,6,Produto de limpeza,,
SACO PLASTICO 100LT,100,un,2026-06-26,Salão SO/SG,Pedido 31,,2026-06-26,6,Produto de limpeza,,
PANO LIMPEZA,5,un,2026-06-26,Salão SO/SG,Pedido 31,,2026-06-26,6,Produto de limpeza,,
PAPEL TOALHA INTERFOLHADO FOLHA DUPLA un,2,un,2026-06-26,Salão SO/SG,Pedido 31,,2026-06-26,6,Produto de limpeza,,
AGUA SANITÁRIA 1L,5,un,2026-06-26,Salão SO/SG,Pedido 31,,2026-06-26,6,Produto de limpeza,,
DETERGENTE LIQUIDO 500 ML,24,un,2026-06-26,Salão SO/SG,Pedido 31,,2026-06-26,6,Produto de limpeza,,
ESPONJA DUPLA FACE,10,un,2026-06-26,Salão SO/SG,Pedido 31,,2026-06-26,6,Produto de limpeza,,
DESINFETANTE LÍQUIDO 5LITROS,3,un,2026-06-26,Salão SO/SG,Pedido 31,,2026-06-26,6,Produto de limpeza,,
ALCOOL ETILICO 70% 1L,2,un,2026-06-26,Salão SO/SG,Pedido 31,,2026-06-26,6,Produto de limpeza,,
SABAO EM PO 1KG,5,un,2026-06-26,Salão SO/SG,Pedido 31,,2026-06-26,6,Produto de limpeza,,
AGUA SANITÁRIA 1L,5,un,2026-06-26,Salão CB/MN,Pedido 32,,2026-06-26,6,Produto de limpeza,,
DESINFETANTE LÍQUIDO 5LITROS,1,un,2026-06-26,Salão CB/MN,Pedido 32,,2026-06-26,6,Produto de limpeza,,
PANO LIMPEZA,5,un,2026-06-26,Salão CB/MN,Pedido 32,,2026-06-26,6,Produto de limpeza,,
ESPONJA DUPLA FACE,5,un,2026-06-26,Salão CB/MN,Pedido 32,,2026-06-26,6,Produto de limpeza,,
SABONETE LÍQUIDO 500ML,1,un,2026-06-26,Salão CB/MN,Pedido 32,,2026-06-26,6,Produto de limpeza,,
DETERGENTE LIQUIDO 500 ML,24,un,2026-06-26,Salão CB/MN,Pedido 32,,2026-06-26,6,Produto de limpeza,,
SACO PLASTICO 60LT,100,un,2026-06-26,Salão CB/MN,Pedido 32,,2026-06-26,6,Produto de limpeza,,
BALDE PLASTICO 10 LI P/LIMPEZA,2,un,2026-06-26,Salão CB/MN,Pedido 32,,2026-06-26,6,Produto de limpeza,,
SABAO EM PO 1KG,5,un,2026-06-26,Cozinha,Pedido 33,,2026-06-26,6,Produto de limpeza,,
PANO LIMPEZA,5,un,2026-06-26,Cozinha,Pedido 33,,2026-06-26,6,Produto de limpeza,,
DESINFETANTE LÍQUIDO 5LITROS,1,un,2026-06-26,Cozinha,Pedido 33,,2026-06-26,6,Produto de limpeza,,
ESPONJA DUPLA FACE,5,un,2026-06-26,Cozinha,Pedido 33,,2026-06-26,6,Produto de limpeza,,
DETERGENTE LIQUIDO 500 ML,24,un,2026-06-26,Cozinha,Pedido 33,,2026-06-26,6,Produto de limpeza,,
SACO PLASTICO 100LT,100,un,2026-06-26,Cozinha,Pedido 33,,2026-06-26,6,Produto de limpeza,,
AGUA SANITÁRIA 1L,5,un,2026-06-26,Cozinha,Pedido 33,,2026-06-26,6,Produto de limpeza,,
VASSOURA DE PELO SINTETICO,1,un,2026-06-30,Faxina do Mestre,Pedido 34,,2026-06-30,6,Produto de limpeza,,
DETERGENTE LIQUIDO 500 ML,3,un,2026-06-30,Faxina do Mestre,Pedido 34,,2026-06-30,6,Produto de limpeza,,
DESINFETANTE LIQUIDO EMBALAGEM 1 LI,3,un,2026-06-30,Faxina do Mestre,Pedido 34,,2026-06-30,6,Produto de limpeza,,
SACO PLASTICO 60LT,40,un,2026-06-30,Faxina do Mestre,Pedido 34,,2026-06-30,6,Produto de limpeza,,
PANO LIMPEZA,3,un,2026-06-30,Faxina do Mestre,Pedido 34,,2026-06-30,6,Produto de limpeza,,
ESPONJA DUPLA FACE,5,un,2026-06-30,Salão SO/SG,Pedido 35,,2026-06-30,6,Produto de limpeza,,
DETERGENTE LIQUIDO 500 ML,12,un,2026-06-30,Salão SO/SG,Pedido 35,,2026-06-30,6,Produto de limpeza,,
SACO PLASTICO 40LT,100,un,2026-06-30,Salão SO/SG,Pedido 35,,2026-06-30,6,Produto de limpeza,,
DESINFETANTE LÍQUIDO 5LITROS,1,un,2026-06-30,Salão SO/SG,Pedido 35,,2026-06-30,6,Produto de limpeza,,
SABAO EM PO 1KG,5,un,2026-06-30,Salão SO/SG,Pedido 35,,2026-06-30,6,Produto de limpeza,,
ALCOOL ETILICO 70% 1L,2,un,2026-06-30,Salão SO/SG,Pedido 35,,2026-06-30,6,Produto de limpeza,,
SABONETE LÍQUIDO 500ML,1,un,2026-06-30,Salão SO/SG,Pedido 35,,2026-06-30,6,Produto de limpeza,,
AGUA SANITÁRIA 1L,5,un,2026-06-30,Salão CB/MN,Pedido 36,,2026-06-30,6,Produto de limpeza,,
RODO DE BORRACHA TAMANHO 60CM,1,un,2026-06-30,Salão CB/MN,Pedido 36,,2026-06-30,6,Produto de limpeza,,
ESPONJA DUPLA FACE,5,un,2026-06-30,Salão CB/MN,Pedido 36,,2026-06-30,6,Produto de limpeza,,
DETERGENTE LIQUIDO 500 ML,24,un,2026-06-30,Salão CB/MN,Pedido 36,,2026-06-30,6,Produto de limpeza,,
SACO PLASTICO 100LT,100,un,2026-06-30,Salão CB/MN,Pedido 36,,2026-06-30,6,Produto de limpeza,,
DESINFETANTE LÍQUIDO 5LITROS,1,un,2026-06-30,Salão CB/MN,Pedido 36,,2026-06-30,6,Produto de limpeza,,
SABAO EM PO 1KG,5,un,2026-06-30,Salão CB/MN,Pedido 36,,2026-06-30,6,Produto de limpeza,,
ALCOOL ETILICO 70% 1L,2,un,2026-06-30,Salão CB/MN,Pedido 36,,2026-06-30,6,Produto de limpeza,,
SABONETE LÍQUIDO 500ML,1,un,2026-06-30,Salão CB/MN,Pedido 36,,2026-06-30,6,Produto de limpeza,,
PANO LIMPEZA,5,un,2026-06-30,Salão CB/MN,Pedido 36,,2026-06-30,6,Produto de limpeza,,
SACO PLASTICO 100LT,100,un,2026-06-30,Cozinha,Pedido 37,,2026-06-30,6,Produto de limpeza,,
LUVA P/PROCEDIMENTOS NÃO CIRÚGICO CX100,2,un,2026-06-30,Cozinha,Pedido 37,,2026-06-30,6,Produto de limpeza,,
DESINFETANTE LÍQUIDO 5LITROS,1,un,2026-06-30,Cozinha,Pedido 37,,2026-06-30,6,Produto de limpeza,,
PANO LIMPEZA,5,un,2026-06-30,Cozinha,Pedido 37,,2026-06-30,6,Produto de limpeza,,
AGUA SANITÁRIA 1L,5,un,2026-06-30,Cozinha,Pedido 37,,2026-06-30,6,Produto de limpeza,,
RODO DE BORRACHA TAMANHO 60CM,1,un,2026-06-30,Cozinha,Pedido 37,,2026-06-30,6,Produto de limpeza,,
ESPONJA DUPLA FACE,5,un,2026-06-30,Cozinha,Pedido 37,,2026-06-30,6,Produto de limpeza,,
SABAO EM PO 1KG,5,un,2026-06-30,Cozinha,Pedido 37,,2026-06-30,6,Produto de limpeza,,
DETERGENTE LIQUIDO 500 ML,12,un,2026-06-30,Cozinha,Pedido 37,,2026-06-30,6,Produto de limpeza,,
PAPEL TOALHA INTERFOLHADO FOLHA DUPLA un,2,un,2026-06-30,Cozinha,Pedido 37,,2026-06-30,6,Produto de limpeza,,
AGUA SANITÁRIA 1L,2,un,2026-06-01,Aloj. Masc,Pedido 38,,2026-06-01,6,Produto de limpeza,,
SABAO EM PO 1KG,2,un,2026-06-01,Aloj. Masc,Pedido 38,,2026-06-01,6,Produto de limpeza,,
PANO LIMPEZA,3,un,2026-06-01,Aloj. Masc,Pedido 38,,2026-06-01,6,Produto de limpeza,,
PAPEL HIGIÊNICO (PACOTE C/ 12 ROLOS),12,rolo,2026-06-01,Aloj. Masc,Pedido 38,,2026-06-01,6,Produto de limpeza,,
DESINFETANTE BIO-KRISS MULTIUSO 500ML,2,un,2026-06-01,Aloj. Masc,Pedido 38,,2026-06-01,6,Produto de limpeza,,
SACO PLASTICO 40LT,30,un,2026-06-01,Aloj. Masc,Pedido 38,,2026-06-01,6,Produto de limpeza,,
DETERGENTE LIQUIDO 500 ML,3,un,2026-06-01,Aloj. Masc,Pedido 38,,2026-06-01,6,Produto de limpeza,,
DESINFETANTE LÍQUIDO 5LITROS,1,un,2026-06-01,Aloj. Masc,Pedido 38,,2026-06-01,6,Produto de limpeza,,
SACO PLÁSTICO PARA LIXO 50 LITROS,50,un,2026-06-01,Aloj. Masc,Pedido 38,,2026-06-01,6,Produto de limpeza,,
PAPEL HIGIÊNICO (PACOTE C/ 04 ROLOS),3,un,2026-06-30,ETA/ETE,Pedido 39,,2026-06-30,6,Produto de limpeza,,
DESINFETANTE LIQUIDO EMBALAGEM 1 LI,2,un,2026-06-30,ETA/ETE,Pedido 39,,2026-06-30,6,Produto de limpeza,,
SACO PLASTICO 40LT,20,un,2026-06-30,ETA/ETE,Pedido 39,,2026-06-30,6,Produto de limpeza,,
PANO LIMPEZA,2,un,2026-06-30,ETA/ETE,Pedido 39,,2026-06-30,6,Produto de limpeza,,
PAPEL TOALHA INTERFOLHADO FOLHA DUPLA un,1,un,2026-06-30,ETA/ETE,Pedido 39,,2026-06-30,6,Produto de limpeza,,
ESPONJA DUPLA FACE,3,un,2026-06-30,ETA/ETE,Pedido 39,,2026-06-30,6,Produto de limpeza,,
AGUA SANITÁRIA 1L,2,un,2026-06-30,ETA/ETE,Pedido 39,,2026-06-30,6,Produto de limpeza,,
DETERGENTE LIQUIDO 500 ML,3,un,2026-06-30,ETA/ETE,Pedido 39,,2026-06-30,6,Produto de limpeza,,
ALCOOL ETILICO 70% 1L,1,un,2026-06-30,ETA/ETE,Pedido 39,,2026-06-30,6,Produto de limpeza,,
SACO PLASTICO 100LT,20,un,2026-06-30,ETA/ETE,Pedido 39,,2026-06-30,6,Produto de limpeza,,
PAPEL A4 BRANCO 210X297 RESMA DE 500,1,resma,2026-06-23,Div. De Transportes,Pedido 40,,2026-06-23,6,Escritório,,
Grampo p/ grampeador 26/6,1,un,2026-06-23,Div. De Transportes,Pedido 40,,2026-06-23,6,Escritório,,
Prendedor de papel 41MM,8,un,2026-06-23,Div. De Transportes,Pedido 40,,2026-06-23,6,Escritório,,
Borracha escolar branca,3,un,2026-06-23,Div. De Transportes,Pedido 40,,2026-06-23,6,Escritório,,
Clips NR 6,1,un,2026-06-23,Div. De Transportes,Pedido 40,,2026-06-23,6,Escritório,,
Tesoura 21 CM,2,un,2026-06-23,Div. De Transportes,Pedido 40,,2026-06-23,6,Produto de limpeza,,
Vassoura piaçava,3,un,2026-06-23,Div. De Transportes,Pedido 40,,2026-06-23,6,Produto de limpeza,,
RODO DE BORRACHA TAMANHO 60CM,2,un,2026-06-23,Div. De Transportes,Pedido 40,,2026-06-23,6,Produto de limpeza,,
PÁ PARA LIXO PEQUENA,2,un,2026-06-23,Div. De Transportes,Pedido 40,,2026-06-23,6,Produto de limpeza,,
LUVA DE LATEX FORRADA PARA LIMPEZA,3,un,2026-06-23,Div. De Transportes,Pedido 40,,2026-06-23,6,Produto de limpeza,,
DETERGENTE LIQUIDO 500 ML,4,un,2026-06-23,Div. De Transportes,Pedido 40,,2026-06-23,6,Produto de limpeza,,
DESINFETANTE LIQUIDO EMBALAGEM 1 LI,4,un,2026-06-23,Div. De Transportes,Pedido 40,,2026-06-23,6,Produto de limpeza,,
DESINFETANTE LIQUIDO EMBALAGEM 1 LI,1,un,2026-06-30,PNR(COMIMSUP),Pedido 41,,2026-06-30,6,Produto de limpeza,,
SACO PLASTICO 100LT,30,un,2026-06-30,PNR(COMIMSUP),Pedido 41,,2026-06-30,6,Produto de limpeza,,
SACO PLASTICO 40LT,30,un,2026-06-30,PNR(COMIMSUP),Pedido 41,,2026-06-30,6,Produto de limpeza,,
LIMPA VIDROS 500ML,1,un,2026-06-30,PNR(COMIMSUP),Pedido 41,,2026-06-30,6,Produto de limpeza,,
PAPEL HIGIÊNICO (PACOTE C/ 04 ROLOS),1,un,2026-06-30,PNR(COMIMSUP),Pedido 41,,2026-06-30,6,Produto de limpeza,,
SABAO EM PO 1KG,2,un,2026-06-30,PNR(COMIMSUP),Pedido 41,,2026-06-30,6,Produto de limpeza,,
DETERGENTE LIQUIDO 500 ML,2,un,2026-06-30,PNR(COMIMSUP),Pedido 41,,2026-06-30,6,Produto de limpeza,,
AGUA SANITÁRIA 1L,1,un,2026-06-30,PNR(COMIMSUP),Pedido 41,,2026-06-30,6,Produto de limpeza,,
PANO LIMPEZA,2,un,2026-06-30,PNR(COMIMSUP),Pedido 41,,2026-06-30,6,Produto de limpeza,,
ESPONJA DUPLA FACE,1,un,2026-06-30,PNR(COMIMSUP),Pedido 41,,2026-06-30,6,Produto de limpeza,,
VASSOURA DE PELO SINTETICO,1,un,2026-06-30,PNR(COMIMSUP),Pedido 41,,2026-06-30,6,Produto de limpeza,,
ODORIZANTE DE AMBIENTES,3,un,2026-06-30,PNR(COMIMSUP),Pedido 41,,2026-06-30,6,Produto de limpeza,,
PANO PERFEX,3,un,2026-06-30,PNR(COMIMSUP),Pedido 41,,2026-06-30,6,Produto de limpeza,,
DESINFETANTE LIQUIDO EMBALAGEM 1 LI,3,un,2026-06-17,Prefeitura,Pedido 42,,2026-06-17,6,Produto de limpeza,,
DETERGENTE LIQUIDO 500 ML,2,un,2026-06-17,Prefeitura,Pedido 42,,2026-06-17,6,Produto de limpeza,,
DESINFETANTE BIO-KRISS MULTIUSO 500ML,1,un,2026-06-17,Prefeitura,Pedido 42,,2026-06-17,6,Produto de limpeza,,
PAPEL HIGIÊNICO (PACOTE C/ 12 ROLOS),12,rolo,2026-06-17,Prefeitura,Pedido 42,,2026-06-17,6,Produto de limpeza,,
PANO LIMPEZA,2,un,2026-06-17,Prefeitura,Pedido 42,,2026-06-17,6,Produto de limpeza,,
ODORIZANTE DE AMBIENTES,2,un,2026-06-17,Prefeitura,Pedido 42,,2026-06-17,6,Produto de limpeza,,
AGUA SANITÁRIA 1L,3,un,2026-06-17,Prefeitura,Pedido 42,,2026-06-17,6,Produto de limpeza,,
DETERGENTE LIQUIDO 500 ML,2,un,2026-06-17,Aloj. Masc,Pedido 43,,2026-06-17,6,Produto de limpeza,,
DESINFETANTE BIO-KRISS MULTIUSO 500ML,2,un,2026-06-17,Aloj. Masc,Pedido 43,,2026-06-17,6,Produto de limpeza,,
PANO LIMPEZA,2,un,2026-06-17,Aloj. Masc,Pedido 43,,2026-06-17,6,Produto de limpeza,,
PAPEL HIGIÊNICO (PACOTE C/ 12 ROLOS),12,rolo,2026-06-17,Aloj. Masc,Pedido 43,,2026-06-17,6,Produto de limpeza,,
BALDE PLASTICO 10 LI P/LIMPEZA,1,un,2026-06-17,Aloj. Masc,Pedido 43,,2026-06-17,6,Produto de limpeza,,
SACO PLASTICO 100LT,300,un,2026-06-15,Cozinha,Pedido 44,,2026-06-15,6,Produto de limpeza,,
AGUA SANITÁRIA 1L,6,un,2026-06-15,Cozinha,Pedido 44,,2026-06-15,6,Produto de limpeza,,
DESINFETANTE LIQUIDO EMBALAGEM 1 LI,6,un,2026-06-15,Cozinha,Pedido 44,,2026-06-15,6,Produto de limpeza,,
RODO DE BORRACHA TAMANHO 60CM,1,un,2026-06-15,Cozinha,Pedido 44,,2026-06-15,6,Produto de limpeza,,
DETERGENTE LIQUIDO 500 ML,48,un,2026-06-15,Cozinha,Pedido 44,,2026-06-15,6,Produto de limpeza,,
PAPEL TOALHA INTERFOLHADO FOLHA DUPLA un,2,un,2026-06-15,Cozinha,Pedido 44,,2026-06-15,6,Produto de limpeza,,
ESPONJA DUPLA FACE,10,un,2026-06-15,Cozinha,Pedido 44,,2026-06-15,6,Produto de limpeza,,
PANO LIMPEZA,8,un,2026-06-15,Cozinha,Pedido 44,,2026-06-15,6,Produto de limpeza,,
DESINFETANTE BIO-KRISS MULTIUSO 500ML,2,un,2026-06-15,Cozinha,Pedido 44,,2026-06-15,6,Produto de limpeza,,
LUVA P/PROCEDIMENTOS NÃO CIRÚGICO CX100,2,un,2026-06-15,Cozinha,Pedido 44,,2026-06-15,6,Produto de limpeza,,
ALCOOL ETILICO 70% 1L,2,un,2026-06-15,Cozinha,Pedido 44,,2026-06-15,6,Produto de limpeza,,
ODORIZANTE DE AMBIENTES,1,un,2026-06-15,Cozinha,Pedido 44,,2026-06-15,6,Produto de limpeza,,
DESINFETANTE LIQUIDO EMBALAGEM 1 LI,3,un,2026-06-12,Aloj. Fem,Pedido 45,,2026-06-12,6,Produto de limpeza,,
PANO LIMPEZA,3,un,2026-06-12,Aloj. Fem,Pedido 45,,2026-06-12,6,Produto de limpeza,,
PAPEL HIGIÊNICO (PACOTE C/ 12 ROLOS),12,rolo,2026-06-12,Aloj. Fem,Pedido 45,,2026-06-12,6,Produto de limpeza,,
SACO PLASTICO 100LT,30,un,2026-06-12,Aloj. Fem,Pedido 45,,2026-06-12,6,Produto de limpeza,,
SABAO EM PO 1KG,3,un,2026-06-12,Aloj. Fem,Pedido 45,,2026-06-12,6,Produto de limpeza,,
SACO PLASTICO 40LT,30,un,2026-06-12,Aloj. Fem,Pedido 45,,2026-06-12,6,Produto de limpeza,,
ESPONJA DUPLA FACE,2,un,2026-06-12,Aloj. Fem,Pedido 45,,2026-06-12,6,Produto de limpeza,,
DETERGENTE LIQUIDO 500 ML,2,un,2026-06-12,Aloj. Fem,Pedido 45,,2026-06-12,6,Produto de limpeza,,
AGUA SANITÁRIA 1L,2,un,2026-06-12,Aloj. Fem,Pedido 45,,2026-06-12,6,Produto de limpeza,,
SACO PLASTICO 100LT,30,un,2026-06-12,Aloj. Masc,Pedido 46,,2026-06-12,6,Produto de limpeza,,
PAPEL HIGIÊNICO (PACOTE C/ 12 ROLOS),12,un,2026-06-12,Aloj. Masc,Pedido 46,,2026-06-12,6,Produto de limpeza,,
DESINFETANTE BIO-KRISS MULTIUSO 500ML,3,un,2026-06-12,Aloj. Masc,Pedido 46,,2026-06-12,6,Produto de limpeza,,
DESINFETANTE LIQUIDO EMBALAGEM 1 LI,3,un,2026-06-12,Aloj. Masc,Pedido 46,,2026-06-12,6,Produto de limpeza,,
PANO LIMPEZA,3,un,2026-06-12,Aloj. Masc,Pedido 46,,2026-06-12,6,Produto de limpeza,,
SACO PLASTICO 40LT,30,un,2026-06-12,Aloj. Masc,Pedido 46,,2026-06-12,6,Produto de limpeza,,
DETERGENTE LIQUIDO 500 ML,3,un,2026-06-12,Aloj. Masc,Pedido 46,,2026-06-12,6,Produto de limpeza,,
AGUA SANITÁRIA 1L,3,un,2026-06-12,Aloj. Masc,Pedido 46,,2026-06-12,6,Produto de limpeza,,
SABAO EM PO 1KG,3,un,2026-06-12,Aloj. Masc,Pedido 46,,2026-06-12,6,Produto de limpeza,,
DESINFETANTE LIQUIDO EMBALAGEM 1 LI,2,un,2026-06-12,Prefeitura,Pedido 47,,2026-06-12,6,Produto de limpeza,,
AGUA SANITÁRIA 1L,3,un,2026-06-12,Prefeitura,Pedido 47,,2026-06-12,6,Produto de limpeza,,
SABAO EM PO 1KG,3,un,2026-06-12,Prefeitura,Pedido 47,,2026-06-12,6,Produto de limpeza,,
PANO LIMPEZA,3,un,2026-06-12,Prefeitura,Pedido 47,,2026-06-12,6,Produto de limpeza,,
DESINFETANTE LIQUIDO EMBALAGEM 1 LI,3,un,2026-06-12,Prefeitura,Pedido 47,,2026-06-12,6,Produto de limpeza,,
PAPEL HIGIÊNICO (PACOTE C/ 12 ROLOS),12,un,2026-06-12,Prefeitura,Pedido 47,,2026-06-12,6,Produto de limpeza,,
SACO PLASTICO 100LT,30,un,2026-06-12,Prefeitura,Pedido 47,,2026-06-12,6,Produto de limpeza,,
SACO PLASTICO 40LT,30,un,2026-06-12,Prefeitura,Pedido 47,,2026-06-12,6,Produto de limpeza,,
DESINFETANTE BIO-KRISS MULTIUSO 500ML,2,un,2026-06-12,Prefeitura,Pedido 47,,2026-06-12,6,Produto de limpeza,,
ESPONJA DUPLA FACE,3,un,2026-06-12,Prefeitura,Pedido 47,,2026-06-12,6,Produto de limpeza,,
SACO PLASTICO 100LT,100,un,2026-06-02,Faxina do Mestre,Pedido 48,,2026-06-02,6,Produto de limpeza,,
VASSOURA DE PELO SINTETICO,1,un,2026-06-02,Faxina do Mestre,Pedido 48,,2026-06-02,6,Produto de limpeza,,
Lacre,50,un,2026-06-02,Faxina do Mestre,Pedido 48,,2026-06-02,6,Produto de limpeza,,
DESINFETANTE LIQUIDO EMBALAGEM 1 LI,1,un,2026-06-02,Faxina do Mestre,Pedido 48,,2026-06-02,6,Produto de limpeza,,
PAPEL A4 BRANCO 210X297 RESMA DE 500,1,un,2026-06-03,DP,Pedido 49,,2026-06-03,6,Escritório,,
Caneta esferográfica preta,2,un,2026-06-03,DP,Pedido 49,,2026-06-03,6,Escritório,,
PAPEL TOALHA INTERFOLHADO FOLHA DUPLA un,2,un,2026-06-03,DP,Pedido 49,,2026-06-03,6,Produto de limpeza,,
DETERGENTE LIQUIDO 500 ML,5,un,2026-06-03,DP,Pedido 49,,2026-06-03,6,Produto de limpeza,,
ESPONJA DUPLA FACE,3,un,2026-06-03,DP,Pedido 49,,2026-06-03,6,Produto de limpeza,,
PAPEL HIGIÊNICO (PACOTE C/ 04 ROLOS),6,un,2026-06-03,DP,Pedido 49,,2026-06-03,6,Produto de limpeza,,
ODORIZANTE DE AMBIENTES,1,un,2026-06-03,DP,Pedido 49,,2026-06-03,6,Produto de limpeza,,
RODO DE BORRACHA TAMANHO 60CM,1,un,2026-06-03,DP,Pedido 49,,2026-06-03,6,Produto de limpeza,,
PANO LIMPEZA,4,un,2026-06-03,DP,Pedido 49,,2026-06-03,6,Produto de limpeza,,
SACO PLASTICO 40LT,100,un,2026-06-03,DP,Pedido 49,,2026-06-03,6,Produto de limpeza,,
SACO PLASTICO 100LT,50,un,2026-06-03,DP,Pedido 49,,2026-06-03,6,Produto de limpeza,,
DESINFETANTE LÍQUIDO 5LITROS,1,un,2026-06-03,DP,Pedido 49,,2026-06-03,6,Produto de limpeza,,
LIMPA VIDROS 500ML,4,un,2026-06-03,DP,Pedido 49,,2026-06-03,6,Produto de limpeza,,
Caneta marcador de texto amarelo,2,un,2026-06-18,DP,Pedido 50,Antes do inventário,2026-06-18,6,Escritório,,
Pincel atomico vermelho,2,un,2026-06-18,DP,Pedido 50,Antes do inventário,2026-06-18,6,Produto de limpeza,,
Caneta esferográfica azul,3,un,2026-06-18,DP,Pedido 50,Antes do inventário,2026-06-18,6,Escritório,,
Prendedor de papel 32MM,10,un,2026-06-18,DP,Pedido 50,Antes do inventário,2026-06-18,6,Escritório,,
PAPEL A4 BRANCO 210X297 RESMA DE 500,2,resma,2026-06-18,DP,Pedido 50,Antes do inventário,2026-06-18,6,Escritório,,
Tesoura 21 CM,2,un,2026-06-18,DP,Pedido 50,Antes do inventário,2026-06-18,6,Produto de limpeza,,
Livro ATA capa dura com 100FLS,2,un,2026-06-18,DP,Pedido 50,Antes do inventário,2026-06-18,6,Escritório,,
DETERGENTE LIQUIDO 500 ML,5,un,2026-06-18,DP,Pedido 51,Antes do inventário,2026-06-18,6,Produto de limpeza,,
SABONETE LÍQUIDO 500ML,5,un,2026-06-18,DP,Pedido 51,Antes do inventário,2026-06-18,6,Produto de limpeza,,
PAPEL TOALHA INTERFOLHADO FOLHA DUPLA un,2,un,2026-06-18,DP,Pedido 51,Antes do inventário,2026-06-18,6,Produto de limpeza,,
ALCOOL ETILICO 70% 1L,2,un,2026-06-18,DP,Pedido 51,Antes do inventário,2026-06-18,6,Produto de limpeza,,
SABAO EM PO 1KG,2,un,2026-06-18,DP,Pedido 51,Antes do inventário,2026-06-18,6,Produto de limpeza,,
SACO PLASTICO 40LT,20,un,2026-06-18,DP,Pedido 51,Antes do inventário,2026-06-18,6,Produto de limpeza,,
PAPEL HIGIÊNICO (PACOTE C/ 04 ROLOS),6,un,2026-06-18,DP,Pedido 51,Antes do inventário,2026-06-18,6,Produto de limpeza,,
ALCOOL GEL 500ML,2,un,2026-06-18,DP,Pedido 51,Antes do inventário,2026-06-18,6,Produto de limpeza,,
DESINFETANTE LÍQUIDO 5LITROS,1,un,2026-06-18,DP,Pedido 51,Antes do inventário,2026-06-18,6,Produto de limpeza,,
PANO LIMPEZA,3,un,2026-06-18,DP,Pedido 51,Antes do inventário,2026-06-18,6,Produto de limpeza,,
ESPONJA DUPLA FACE,3,un,2026-06-15,Of. de Docagem,Pedido 52,Antes do inventário,2026-06-15,6,Produto de limpeza,,
AGUA SANITÁRIA 1L,3,un,2026-06-15,Of. de Docagem,Pedido 52,Antes do inventário,2026-06-15,6,Produto de limpeza,,
Desinfetante Líquido Embalagem 2L,3,un,2026-06-15,Of. de Docagem,Pedido 52,Antes do inventário,2026-06-15,6,Produto de limpeza,,
DETERGENTE LIQUIDO 500 ML,3,un,2026-06-15,Of. de Docagem,Pedido 52,Antes do inventário,2026-06-15,6,Produto de limpeza,,
PAPEL HIGIÊNICO (PACOTE C/ 04 ROLOS),3,un,2026-06-15,Of. de Docagem,Pedido 52,Antes do inventário,2026-06-15,6,Produto de limpeza,,
SABAO EM PO 1KG,2,un,2026-06-15,Of. de Docagem,Pedido 52,Antes do inventário,2026-06-15,6,Produto de limpeza,,
SACO PLASTICO 100LT,10,un,2026-06-15,Of. de Docagem,Pedido 52,Antes do inventário,2026-06-15,6,Produto de limpeza,,
SACO PLASTICO 40LT,20,un,2026-06-15,Of. de Docagem,Pedido 52,Antes do inventário,2026-06-15,6,Produto de limpeza,,
DESINFETANTE BIO-KRISS MULTIUSO 500ML,1,un,2026-06-15,Of. de Docagem,Pedido 52,Antes do inventário,2026-06-15,6,Produto de limpeza,,
ESPONJA DUPLA FACE,2,un,2026-06-09,ETA/ETE,Pedido 53,Antes do inventário,2026-06-09,6,Produto de limpeza,,
PAPEL HIGIÊNICO (PACOTE C/ 04 ROLOS),2,un,2026-06-09,ETA/ETE,Pedido 53,Antes do inventário,2026-06-09,6,Produto de limpeza,,
DESINFETANTE BIO-KRISS MULTIUSO 500ML,2,un,2026-06-09,ETA/ETE,Pedido 53,Antes do inventário,2026-06-09,6,Produto de limpeza,,
PAPEL TOALHA INTERFOLHADO FOLHA DUPLA un,1,un,2026-06-09,ETA/ETE,Pedido 53,Antes do inventário,2026-06-09,6,Produto de limpeza,,
SACO PLASTICO 100LT,20,un,2026-06-09,ETA/ETE,Pedido 53,Antes do inventário,2026-06-09,6,Produto de limpeza,,
DESINFETANTE LIQUIDO EMBALAGEM 1 LI,1,un,2026-06-09,ETA/ETE,Pedido 53,Antes do inventário,2026-06-09,6,Produto de limpeza,,
DETERGENTE LIQUIDO 500 ML,3,un,2026-06-09,ETA/ETE,Pedido 53,Antes do inventário,2026-06-09,6,Produto de limpeza,,
PANO LIMPEZA,2,un,2026-06-09,ETA/ETE,Pedido 53,Antes do inventário,2026-06-09,6,Produto de limpeza,,
AGUA SANITÁRIA 1L,2,un,2026-06-09,ETA/ETE,Pedido 53,Antes do inventário,2026-06-09,6,Produto de limpeza,,
PANO LIMPEZA,10,un,2026-06-18,Salões,Pedido 54,Antes do inventário,2026-06-18,6,Produto de limpeza,,
SABONETE LÍQUIDO 500ML,2,un,2026-06-18,Salões,Pedido 54,Antes do inventário,2026-06-18,6,Produto de limpeza,,
ALCOOL ETILICO 70% 1L,3,un,2026-06-18,Salões,Pedido 54,Antes do inventário,2026-06-18,6,Produto de limpeza,,
LIMPA VIDROS 500ML,3,un,2026-06-18,Salões,Pedido 54,Antes do inventário,2026-06-18,6,Produto de limpeza,,
SACO PLASTICO 100LT,200,un,2026-06-18,Salões,Pedido 54,Antes do inventário,2026-06-18,6,Produto de limpeza,,
AGUA SANITÁRIA 1L,12,un,2026-06-18,Salões,Pedido 54,Antes do inventário,2026-06-18,6,Produto de limpeza,,
DESINFETANTE LÍQUIDO 5LITROS,3,un,2026-06-18,Salões,Pedido 54,Antes do inventário,2026-06-18,6,Produto de limpeza,,
DETERGENTE LIQUIDO 500 ML,48,un,2026-06-18,Salões,Pedido 54,Antes do inventário,2026-06-18,6,Produto de limpeza,,
ESPONJA DUPLA FACE,4,un,2026-06-18,Div. De Transportes,Pedido 55,Antes do inventário,2026-06-18,6,Produto de limpeza,,
PAPEL HIGIÊNICO (PACOTE C/ 12 ROLOS),12,rolo,2026-06-18,Div. De Transportes,Pedido 55,Antes do inventário,2026-06-18,6,Produto de limpeza,,
PANO LIMPEZA,4,un,2026-06-18,Div. De Transportes,Pedido 55,Antes do inventário,2026-06-18,6,Produto de limpeza,,
DESINFETANTE LIQUIDO EMBALAGEM 1 LI,4,un,2026-06-18,Div. De Transportes,Pedido 55,Antes do inventário,2026-06-18,6,Produto de limpeza,,
DETERGENTE LIQUIDO 500 ML,3,un,2026-06-15,CEM,Pedido 56,Antes do inventário,2026-06-15,6,Produto de limpeza,,
SACO PLASTICO 100LT,50,un,2026-06-15,CEM,Pedido 56,Antes do inventário,2026-06-15,6,Produto de limpeza,,
SACO PLASTICO 40LT,50,un,2026-06-15,CEM,Pedido 56,Antes do inventário,2026-06-15,6,Produto de limpeza,,
ODORIZANTE DE AMBIENTES,1,un,2026-06-15,CEM,Pedido 56,Antes do inventário,2026-06-15,6,Produto de limpeza,,
DESINFETANTE LIQUIDO EMBALAGEM 1 LI,3,un,2026-06-15,CEM,Pedido 56,Antes do inventário,2026-06-15,6,Produto de limpeza,,
AGUA SANITÁRIA 1L,3,un,2026-06-15,CEM,Pedido 56,Antes do inventário,2026-06-15,6,Produto de limpeza,,
PANO LIMPEZA,3,un,2026-06-15,CEM,Pedido 56,Antes do inventário,2026-06-15,6,Produto de limpeza,,
LIMPA VIDROS 500ML,1,un,2026-06-15,CEM,Pedido 56,Antes do inventário,2026-06-15,6,Produto de limpeza,,
DESINFETANTE BIO-KRISS MULTIUSO 500ML,1,un,2026-06-15,CEM,Pedido 56,Antes do inventário,2026-06-15,6,Produto de limpeza,,
SABAO EM PO 1KG,3,un,2026-06-15,CEM,Pedido 56,Antes do inventário,2026-06-15,6,Produto de limpeza,,
ESPONJA DUPLA FACE,3,un,2026-06-15,CEM,Pedido 56,Antes do inventário,2026-06-15,6,Produto de limpeza,,
PAPEL HIGIÊNICO (PACOTE C/ 12 ROLOS),12,un,2026-06-15,CEM,Pedido 56,Antes do inventário,2026-06-15,6,Produto de limpeza,,
DETERGENTE LIQUIDO 500 ML,48,un,2026-06-22,Cozinha,Pedido 57,Antes do inventário,2026-06-22,6,Produto de limpeza,,
SACO PLASTICO 100LT,200,un,2026-06-22,Cozinha,Pedido 57,Antes do inventário,2026-06-22,6,Produto de limpeza,,
ESPONJA DUPLA FACE,10,un,2026-06-22,Cozinha,Pedido 57,Antes do inventário,2026-06-22,6,Produto de limpeza,,
PAPEL TOALHA INTERFOLHADO FOLHA DUPLA un,2,un,2026-06-22,Cozinha,Pedido 57,Antes do inventário,2026-06-22,6,Produto de limpeza,,
SABAO EM PO 1KG,10,un,2026-06-22,Cozinha,Pedido 57,Antes do inventário,2026-06-22,6,Produto de limpeza,,
LUVA P/PROCEDIMENTOS NÃO CIRÚGICO CX100,4,un,2026-06-22,Cozinha,Pedido 57,Antes do inventário,2026-06-22,6,Produto de limpeza,,
SABONETE LÍQUIDO 500ML,2,un,2026-06-22,Cozinha,Pedido 57,Antes do inventário,2026-06-22,6,Produto de limpeza,,
DESINFETANTE LÍQUIDO 5LITROS,3,un,2026-06-22,Cozinha,Pedido 57,Antes do inventário,2026-06-22,6,Produto de limpeza,,
PANO LIMPEZA,8,un,2026-06-22,Cozinha,Pedido 57,Antes do inventário,2026-06-22,6,Produto de limpeza,,
AGUA SANITÁRIA 1L,10,un,2026-06-22,Cozinha,Pedido 57,Antes do inventário,2026-06-22,6,Produto de limpeza,,
RODO DE BORRACHA TAMANHO 60CM,2,un,2026-06-22,Cozinha,Pedido 57,Antes do inventário,2026-06-22,6,Produto de limpeza,,
DESINFETANTE LIQUIDO EMBALAGEM 1 LI,3,un,2026-06-15,Aloj. Fem,Pedido 58,Antes do inventário,2026-06-15,6,Produto de limpeza,,
ESPONJA DUPLA FACE,3,un,2026-06-15,Aloj. Fem,Pedido 58,Antes do inventário,2026-06-15,6,Produto de limpeza,,
SACO PLASTICO 40LT,50,un,2026-06-15,Aloj. Fem,Pedido 58,Antes do inventário,2026-06-15,6,Produto de limpeza,,
RODO DE BORRACHA TAMANHO 60CM,1,un,2026-06-15,Aloj. Fem,Pedido 58,Antes do inventário,2026-06-15,6,Produto de limpeza,,
Saco de lixo 200 L,50,un,2026-06-15,Aloj. Fem,Pedido 58,Antes do inventário,2026-06-15,6,Produto de limpeza,,
DETERGENTE LIQUIDO 500 ML,3,un,2026-06-15,Aloj. Fem,Pedido 58,Antes do inventário,2026-06-15,6,Produto de limpeza,,
DETERGENTE LIQUIDO 500 ML,6,un,2026-06-18,Div. De Eletricidade,Pedido 59,Antes do inventário,2026-06-18,6,Produto de limpeza,,
SABAO EM PO 1KG,2,un,2026-06-18,Div. De Eletricidade,Pedido 59,Antes do inventário,2026-06-18,6,Produto de limpeza,,
Caneta esferográfica preta,4,un,2026-06-18,Div. De Eletricidade,Pedido 59,Antes do inventário,2026-06-18,6,Escritório,,
AGUA SANITÁRIA 1L,6,un,2026-06-18,Div. De Eletricidade,Pedido 59,Antes do inventário,2026-06-18,6,Produto de limpeza,,
PAPEL HIGIÊNICO (PACOTE C/ 12 ROLOS),4,un,2026-06-18,Div. De Eletricidade,Pedido 59,Antes do inventário,2026-06-18,6,Produto de limpeza,,
PAPEL A4 BRANCO 210X297 RESMA DE 500,1,un,2026-06-18,Div. De Eletricidade,Pedido 59,Antes do inventário,2026-06-18,6,Escritório,,
DESINFETANTE LÍQUIDO 5LITROS,2,un,2026-06-18,Div. De Eletricidade,Pedido 59,Antes do inventário,2026-06-18,6,Produto de limpeza,,
PANO LIMPEZA,4,un,2026-06-18,Div. De Eletricidade,Pedido 59,Antes do inventário,2026-06-18,6,Produto de limpeza,,
Lacre,50,un,2026-06-18,DP,Pedido 60,Antes do inventário,2026-06-18,6,Produto de limpeza,,
PEDRA SANITÁRIA,8,un,2026-06-18,DP,Pedido 60,Antes do inventário,2026-06-18,6,Produto de limpeza,,
PANO PERFEX,10,un,2026-06-18,Salões,Pedido 61,Antes do inventário,2026-06-18,6,Produto de limpeza,,
TOUCA C/100UN,2,un,2026-06-18,Salões,Pedido 61,Antes do inventário,2026-06-18,6,Produto de limpeza,,
DESINFETANTE LÍQUIDO 5LITROS,2,un,2026-06-18,CAV,Pedido 62,Antes do inventário,2026-06-18,6,Produto de limpeza,,
SACO PLASTICO 40LT,10,un,2026-06-18,CAV,Pedido 62,Antes do inventário,2026-06-18,6,Produto de limpeza,,
SACO PLASTICO 100LT,10,un,2026-06-18,CAV,Pedido 62,Antes do inventário,2026-06-18,6,Produto de limpeza,,
PANO LIMPEZA,3,un,2026-06-18,CAV,Pedido 62,Antes do inventário,2026-06-18,6,Produto de limpeza,,
SABAO EM PO 1KG,2,un,2026-06-18,CAV,Pedido 62,Antes do inventário,2026-06-18,6,Produto de limpeza,,
DETERGENTE LIQUIDO 500 ML,5,un,2026-06-18,CAV,Pedido 62,Antes do inventário,2026-06-18,6,Produto de limpeza,,
ALCOOL ETILICO 70% 1L,1,un,2026-06-18,CAV,Pedido 62,Antes do inventário,2026-06-18,6,Produto de limpeza,,
ESPONJA DUPLA FACE,3,un,2026-06-18,CAV,Pedido 62,Antes do inventário,2026-06-18,6,Produto de limpeza,,
SACO PLASTICO 40LT,10,un,2026-07-01,Assessoria Jurídica,Pedido 63,,2026-07-06,7,Produto de limpeza,,
Pasta p/ arquivo suspenso,6,un,2026-07-01,Assessoria Jurídica,Pedido 63,,2026-07-06,7,Escritório,,
Pasta cartolina com grampo trilho,6,un,2026-07-01,Assessoria Jurídica,Pedido 63,,2026-07-06,7,Escritório,,
PAPEL TOALHA INTERFOLHADO FOLHA DUPLA un,1,un,2026-07-01,Assessoria Jurídica,Pedido 63,,2026-07-06,7,Produto de limpeza,,
PANO LIMPEZA,2,un,2026-07-01,Prefeitura,Pedido 64,,2026-07-09,7,Produto de limpeza,,
SABAO EM PO 1KG,1,un,2026-07-01,Prefeitura,Pedido 64,,2026-07-09,7,Produto de limpeza,,
PAPEL HIGIÊNICO (PACOTE C/ 12 ROLOS),12,rolo,2026-07-01,Prefeitura,Pedido 64,,2026-07-09,7,Produto de limpeza,,
SACO PLASTICO 100LT,15,un,2026-07-01,Prefeitura,Pedido 64,,2026-07-09,7,Produto de limpeza,,
SABONETE LÍQUIDO 500ML,1,un,2026-07-01,Prefeitura,Pedido 64,,2026-07-09,7,Produto de limpeza,,
DETERGENTE LIQUIDO 500 ML,1,un,2026-07-01,Prefeitura,Pedido 64,,2026-07-09,7,Produto de limpeza,,
DESINFETANTE LÍQUIDO 5LITROS,1,un,2026-07-01,Prefeitura,Pedido 64,,2026-07-09,7,Produto de limpeza,,
ESPONJA DUPLA FACE,1,un,2026-07-01,Prefeitura,Pedido 64,,2026-07-09,7,Produto de limpeza,,
PANO LIMPEZA,4,un,2026-07-09,Cozinha,Pedido 65,,2026-07-09,7,Produto de limpeza,,
ESPONJA DUPLA FACE,4,un,2026-07-09,Cozinha,Pedido 65,,2026-07-09,7,Produto de limpeza,,
SABAO EM PO 1KG,3,un,2026-07-09,Cozinha,Pedido 65,,2026-07-09,7,Produto de limpeza,,
SACO PLASTICO 100LT,100,un,2026-07-09,Cozinha,Pedido 65,,2026-07-09,7,Produto de limpeza,,
DESINFETANTE LÍQUIDO 5LITROS,1,un,2026-07-09,Cozinha,Pedido 65,,2026-07-09,7,Produto de limpeza,,
DETERGENTE LIQUIDO 500 ML,16,un,2026-07-09,Cozinha,Pedido 65,,2026-07-09,7,Produto de limpeza,,
ALCOOL ETILICO 70% 1L,5,un,2026-07-09,Cozinha,Pedido 65,,2026-07-09,7,Produto de limpeza,,
VASSOURA DE PELO SINTETICO,1,un,2026-07-01,PNR(COMIMSUP),Pedido 66,,2026-07-07,7,Produto de limpeza,,
DESINFETANTE LIQUIDO EMBALAGEM 1 LI,1,un,2026-07-01,PNR(COMIMSUP),Pedido 66,,2026-07-07,7,Produto de limpeza,,
SACO PLASTICO 100LT,30,un,2026-07-01,PNR(COMIMSUP),Pedido 66,,2026-07-07,7,Produto de limpeza,,
SACO PLASTICO 40LT,30,un,2026-07-01,PNR(COMIMSUP),Pedido 66,,2026-07-07,7,Produto de limpeza,,
RODO DE BORRACHA TAMANHO 60CM,1,un,2026-07-01,PNR(COMIMSUP),Pedido 66,,2026-07-07,7,Produto de limpeza,,
DETERGENTE LIQUIDO 500 ML,3,un,2026-07-01,PNR(COMIMSUP),Pedido 66,,2026-07-07,7,Produto de limpeza,,
ESPONJA DUPLA FACE,1,un,2026-07-01,PNR(COMIMSUP),Pedido 66,,2026-07-07,7,Produto de limpeza,,
SACO PLASTICO 100LT,15,un,2026-07-09,VDT,Pedido 67,A confirmar,2026-07-09,7,Produto de limpeza,,
DESINFETANTE LIQUIDO EMBALAGEM 1 LI,2,un,2026-07-09,VDT,Pedido 67,A confirmar,2026-07-09,7,Produto de limpeza,,
DETERGENTE LIQUIDO 500 ML,2,un,2026-07-09,VDT,Pedido 67,A confirmar,2026-07-09,7,Produto de limpeza,,
Bucha,2,un,2026-07-09,VDT,Pedido 67,A confirmar,2026-07-09,7,Produto de limpeza,,
PAPEL HIGIÊNICO (PACOTE C/ 12 ROLOS),5,rolo,2026-07-09,VDT,Pedido 67,A confirmar,2026-07-09,7,Produto de limpeza,,
Papel ofício,1,un,2026-07-09,VDT,Pedido 67,A confirmar,2026-07-09,7,Escritório,,
Lacre,100,un,2026-07-09,Div. De Transportes,Pedido 68,,2026-07-09,7,Produto de limpeza,,
SABAO EM PO 1KG,5,un,2026-07-10,Paiol de Mantimentos,Pedido 69,,2026-07-10,7,Produto de limpeza,,
ESPONJA DUPLA FACE,7,un,2026-07-10,Paiol de Mantimentos,Pedido 69,,2026-07-10,7,Produto de limpeza,,
DESINFETANTE LÍQUIDO 5LITROS,1,un,2026-07-10,Paiol de Mantimentos,Pedido 69,,2026-07-10,7,Produto de limpeza,,
SACO PLASTICO 100LT,25,un,2026-07-10,Paiol de Mantimentos,Pedido 69,,2026-07-10,7,Produto de limpeza,,
DETERGENTE LIQUIDO 500 ML,8,un,2026-07-10,Paiol de Mantimentos,Pedido 69,,2026-07-10,7,Produto de limpeza,,
PANO LIMPEZA,3,un,2026-07-10,Paiol de Mantimentos,Pedido 69,,2026-07-10,7,Produto de limpeza,,
DETERGENTE LIQUIDO 500 ML,3,un,2026-07-09,Faxina do Mestre,Pedido 70,,2026-07-09,7,Produto de limpeza,,
DESINFETANTE LIQUIDO EMBALAGEM 1 LI,3,un,2026-07-09,Faxina do Mestre,Pedido 70,,2026-07-09,7,Produto de limpeza,,
PANO LIMPEZA,3,un,2026-07-09,Faxina do Mestre,Pedido 70,,2026-07-09,7,Produto de limpeza,,
SABONETE LÍQUIDO 500ML,1,un,2026-07-09,Faxina do Mestre,Pedido 70,,2026-07-09,7,Produto de limpeza,,
SACO PLASTICO 100LT,50,un,2026-07-09,Faxina do Mestre,Pedido 70,,2026-07-09,7,Produto de limpeza,,
RODO DE BORRACHA TAMANHO 60CM,1,un,2026-07-09,Faxina do Mestre,Pedido 70,,2026-07-09,7,Produto de limpeza,,
VASSOURA DE PELO SINTETICO,1,un,2026-07-09,Faxina do Mestre,Pedido 70,,2026-07-09,7,Produto de limpeza,,
SACO PLASTICO 100LT,15,un,2026-07-01,Aloj. Masc,Pedido 71,,2026-07-09,7,Produto de limpeza,,
PAPEL HIGIÊNICO (PACOTE C/ 12 ROLOS),12,rolo,2026-07-01,Aloj. Masc,Pedido 71,,2026-07-09,7,Produto de limpeza,,
VASSOURA DE PELO SINTETICO,1,un,2026-07-01,Aloj. Masc,Pedido 71,,2026-07-09,7,Produto de limpeza,,
SABAO EM PO 1KG,2,un,2026-07-01,Aloj. Masc,Pedido 71,,2026-07-09,7,Produto de limpeza,,
SACO PLASTICO 40LT,15,un,2026-07-01,Aloj. Masc,Pedido 71,,2026-07-09,7,Produto de limpeza,,
PANO LIMPEZA,2,un,2026-07-01,Aloj. Masc,Pedido 71,,2026-07-09,7,Produto de limpeza,,
DETERGENTE LIQUIDO 500 ML,2,un,2026-07-01,Aloj. Masc,Pedido 71,,2026-07-09,7,Produto de limpeza,,
ESPONJA DUPLA FACE,2,un,2026-07-01,Aloj. Masc,Pedido 71,,2026-07-09,7,Produto de limpeza,,
SABAO EM PO 1KG,1,un,2026-07-01,Aloj. Fem,Pedido 72,,2026-07-09,7,Produto de limpeza,,
DETERGENTE LIQUIDO 500 ML,1,un,2026-07-01,Aloj. Fem,Pedido 72,,2026-07-09,7,Produto de limpeza,,
PAPEL TOALHA BRANCO,1,pct,2026-07-01,Aloj. Fem,Pedido 72,,2026-07-09,7,Produto de limpeza,,
PAPEL HIGIÊNICO (PACOTE C/ 12 ROLOS),12,rolo,2026-07-01,Aloj. Fem,Pedido 72,,2026-07-09,7,Produto de limpeza,,
PANO LIMPEZA,2,un,2026-07-01,Aloj. Fem,Pedido 72,,2026-07-09,7,Produto de limpeza,,
SACO PLASTICO 100LT,15,un,2026-07-01,Aloj. Fem,Pedido 72,,2026-07-09,7,Produto de limpeza,,
SACO PLASTICO 40LT,15,un,2026-07-01,Aloj. Fem,Pedido 72,,2026-07-09,7,Produto de limpeza,,
ESPONJA DUPLA FACE,1,un,2026-07-01,Aloj. Fem,Pedido 72,,2026-07-09,7,Produto de limpeza,,
Borracha escolar branca,3,un,2026-07-10,Municiamento,Pedido 73,,2026-07-10,7,Escritório,,
PAPEL A4 BRANCO 210X297 RESMA DE 500,3,resma,2026-07-10,Municiamento,Pedido 73,,2026-07-10,7,Escritório,,
PAPEL A4 BRANCO 210X297 RESMA DE 500,1,resma,2026-07-08,VDT,Pedido 74,,2026-07-10,7,Escritório,,
PANO LIMPEZA,5,un,2026-07-08,VDT,Pedido 75,,2026-07-10,7,Produto de limpeza,,
SACO PLASTICO 100LT,7,un,2026-07-08,VDT,Pedido 75,,2026-07-10,7,Produto de limpeza,,
PAPEL TOALHA INTERFOLHADO FOLHA DUPLA un,1,un,2026-07-08,DP,Pedido 76,A confirmar,2026-07-08,7,Produto de limpeza,,
DESINFETANTE LÍQUIDO 5LITROS,1,un,2026-07-08,DP,Pedido 76,A confirmar,2026-07-08,7,Produto de limpeza,,
PANO LIMPEZA,2,un,2026-07-08,DP,Pedido 76,A confirmar,2026-07-08,7,Produto de limpeza,,
PAPEL HIGIÊNICO (PACOTE C/ 04 ROLOS),1,un,2026-07-08,DP,Pedido 76,A confirmar,2026-07-08,7,Produto de limpeza,,
SACO PLASTICO 40LT,100,un,2026-07-08,DP,Pedido 76,A confirmar,2026-07-08,7,Produto de limpeza,,
PAPEL A4 BRANCO 210X297 RESMA DE 500,2,resma,2026-07-08,DP,Pedido 77,A confirmar,2026-07-08,7,Escritório,,
Caneta esferográfica preta,1,un,2026-07-08,DP,Pedido 77,A confirmar,2026-07-08,7,Escritório,,
PAPEL A4 BRANCO 210X297 RESMA DE 500,1,resma,2026-06-23,VDT,Pedido 78,,2026-07-06,6,Escritório,,
Caneta esferográfica preta,1,un,2026-06-23,VDT,Pedido 78,,2026-07-06,6,Escritório,,
BALDE PLASTICO 10 LI P/LIMPEZA,1,un,2026-07-06,Cozinha,Pedido 79,,2026-07-06,7,Produto de limpeza,,
SACO PLASTICO 100LT,50,un,2026-07-06,Cozinha,Pedido 79,,2026-07-06,7,Produto de limpeza,,
SACO PLÁSTICO PARA LIXO 50 LITROS,50,un,2026-07-06,Cozinha,Pedido 79,,2026-07-06,7,Produto de limpeza,,
DESINFETANTE LÍQUIDO 5LITROS,1,un,2026-07-06,Cozinha,Pedido 79,,2026-07-06,7,Produto de limpeza,,
DETERGENTE LIQUIDO 500 ML,12,un,2026-07-06,Cozinha,Pedido 79,,2026-07-06,7,Produto de limpeza,,
VASSOURA DE PELO SINTETICO,1,un,2026-07-06,Cozinha,Pedido 79,,2026-07-06,7,Produto de limpeza,,
PANO LIMPEZA,3,un,2026-07-06,Cozinha,Pedido 79,,2026-07-06,7,Produto de limpeza,,
LUVA P/PROCEDIMENTOS NÃO CIRÚGICO CX100,2,un,2026-07-06,Cozinha,Pedido 79,,2026-07-06,7,Produto de limpeza,,
SABAO EM PO 1KG,3,un,2026-07-06,Cozinha,Pedido 79,,2026-07-06,7,Produto de limpeza,,
RODO DE BORRACHA TAMANHO 60CM,1,un,2026-07-06,Cozinha,Pedido 79,,2026-07-06,7,Produto de limpeza,,
LIMPA VIDROS 500ML,3,un,2026-07-06,Cozinha,Pedido 79,,2026-07-06,7,Produto de limpeza,,
ESPONJA DUPLA FACE,3,un,2026-07-06,Cozinha,Pedido 79,,2026-07-06,7,Produto de limpeza,,
TOUCA C/100UN,2,un,2026-07-06,Cozinha,Pedido 79,,2026-07-06,7,Produto de limpeza,,
DETERGENTE LIQUIDO 500 ML,12,un,2026-07-06,Salões,Pedido 80,,2026-07-06,7,Produto de limpeza,,
VASSOURA DE PELO SINTETICO,1,un,2026-07-06,Salões,Pedido 80,,2026-07-06,7,Produto de limpeza,,
SACO PLASTICO 100LT,50,un,2026-07-06,Salões,Pedido 80,,2026-07-06,7,Produto de limpeza,,
SACO PLÁSTICO PARA LIXO 50 LITROS,50,un,2026-07-06,Salões,Pedido 80,,2026-07-06,7,Produto de limpeza,,
DESINFETANTE LÍQUIDO 5LITROS,1,un,2026-07-06,Salões,Pedido 80,,2026-07-06,7,Produto de limpeza,,
AGUA SANITÁRIA 1L,2,un,2026-07-06,Salões,Pedido 80,,2026-07-06,7,Produto de limpeza,,
RODO DE BORRACHA TAMANHO 60CM,1,un,2026-07-06,Salões,Pedido 80,,2026-07-06,7,Produto de limpeza,,
ALCOOL ETILICO 70% 1L,2,un,2026-07-06,Salões,Pedido 80,,2026-07-06,7,Produto de limpeza,,
PANO LIMPEZA,3,un,2026-07-06,Salões,Pedido 80,,2026-07-06,7,Produto de limpeza,,
ESPONJA DUPLA FACE,3,un,2026-07-06,Salões,Pedido 80,,2026-07-06,7,Produto de limpeza,,
LUVA P/PROCEDIMENTOS NÃO CIRÚGICO CX100,2,un,2026-07-06,Salões,Pedido 80,,2026-07-06,7,Produto de limpeza,,
BALDE PLASTICO 10 LI P/LIMPEZA,1,un,2026-07-06,Salões,Pedido 80,,2026-07-06,7,Produto de limpeza,,
DESINFETANTE LÍQUIDO 5LITROS,1,un,2026-06-23,VDT,Pedido 81,,2026-07-06,6,Produto de limpeza,,
ESPONJA DUPLA FACE,2,un,2026-06-23,VDT,Pedido 81,,2026-07-06,6,Produto de limpeza,,
PANO LIMPEZA,2,un,2026-06-23,VDT,Pedido 81,,2026-07-06,6,Produto de limpeza,,
SACO PLASTICO 100LT,5,un,2026-06-23,VDT,Pedido 81,,2026-07-06,6,Produto de limpeza,,
DETERGENTE LIQUIDO 500 ML,1,un,2026-06-23,VDT,Pedido 81,,2026-07-06,6,Produto de limpeza,,
AGUA SANITÁRIA 1L,2,un,2026-07-09,Contabilidade,Pedido 82,,2026-07-13,7,Produto de limpeza,,
PAPEL A4 BRANCO 210X297 RESMA DE 500,3,un,2026-07-09,Contabilidade,Pedido 82,,2026-07-13,7,Escritório,,
DESINFETANTE BIO-KRISS MULTIUSO 500ML,2,un,2026-07-09,Contabilidade,Pedido 82,,2026-07-13,7,Produto de limpeza,,
ALCOOL ETILICO 70% 1L,3,un,2026-07-09,Contabilidade,Pedido 82,,2026-07-13,7,Produto de limpeza,,
ODORIZANTE DE AMBIENTES,2,un,2026-07-09,Contabilidade,Pedido 82,,2026-07-13,7,Produto de limpeza,,
PANO LIMPEZA,5,un,2026-07-09,Contabilidade,Pedido 82,,2026-07-13,7,Produto de limpeza,,
VASSOURA DE PELO SINTETICO,1,un,2026-07-09,Contabilidade,Pedido 82,,2026-07-13,7,Produto de limpeza,,
SACO PLASTICO 100LT,10,un,2026-07-09,Contabilidade,Pedido 82,,2026-07-13,7,Produto de limpeza,,
SACO PLASTICO 40LT,10,un,2026-07-09,Contabilidade,Pedido 82,,2026-07-13,7,Produto de limpeza,,
DESINFETANTE LÍQUIDO 5LITROS,1,un,2026-07-09,Contabilidade,Pedido 82,,2026-07-13,7,Produto de limpeza,,
Caneta esferográfica preta,1,un,2026-07-09,Contabilidade,Pedido 82,,2026-07-13,7,Escritório,,
Clips N2,2,un,2026-07-02,DP,Pedido 83,,2026-07-02,7,Escritório,,
PAPEL A4 BRANCO 210X297 RESMA DE 500,2,resma,2026-07-02,DP,Pedido 83,,2026-07-02,7,Escritório,,
Caneta esferográfica preta,3,un,2026-07-02,DP,Pedido 83,,2026-07-02,7,Escritório,,
Clips N4,2,un,2026-07-02,DP,Pedido 83,,2026-07-02,7,Escritório,,
Pasta arquivo morto,5,un,2026-07-02,Conforto/Contabilidade,Pedido 84,,2026-07-02,7,Escritório,,
Grampeador p/papel,2,un,2026-07-02,Conforto/Contabilidade,Pedido 84,,2026-07-02,7,Escritório,,
Livro de protocolo,1,un,2026-07-02,Conforto/Contabilidade,Pedido 84,,2026-07-02,7,Escritório,,
PAPEL A4 BRANCO 210X297 RESMA DE 500,2,resma,2026-07-02,Conforto/Contabilidade,Pedido 84,,2026-07-02,7,Escritório,,
Caneta esferográfica preta,4,un,2026-07-02,Conforto/Contabilidade,Pedido 84,,2026-07-02,7,Escritório,,
Grampeador p/papel,2,un,2026-07-02,Obtenção,Pedido 85,,2026-07-02,7,Escritório,,
PAPEL A4 BRANCO 210X297 RESMA DE 500,3,resma,2026-07-02,Obtenção,Pedido 85,,2026-07-02,7,Escritório,,
Grampo p/ grampeador 23/13,1,un,2026-07-02,Obtenção,Pedido 85,,2026-07-02,7,Escritório,,
Borracha escolar branca,2,un,2026-07-02,Obtenção,Pedido 85,,2026-07-02,7,Escritório,,
Cola plástica 90g,1,un,2026-07-02,Obtenção,Pedido 85,,2026-07-02,7,Escritório,,
ALCOOL ETILICO 70% 1L,2,un,2026-07-02,Obtenção,Pedido 86,,2026-07-02,7,Produto de limpeza,,
ODORIZANTE DE AMBIENTES,1,un,2026-07-02,Obtenção,Pedido 86,,2026-07-02,7,Produto de limpeza,,
DESINFETANTE LIQUIDO EMBALAGEM 1 LI,3,un,2026-07-02,Obtenção,Pedido 86,,2026-07-02,7,Produto de limpeza,,
DETERGENTE LIQUIDO 500 ML,3,un,2026-07-02,Obtenção,Pedido 86,,2026-07-02,7,Produto de limpeza,,
ESPONJA DUPLA FACE,3,un,2026-07-02,Obtenção,Pedido 86,,2026-07-02,7,Produto de limpeza,,
DESINFETANTE BIO-KRISS MULTIUSO 500ML,2,un,2026-07-02,Obtenção,Pedido 86,,2026-07-02,7,Produto de limpeza,,
SABONETE LÍQUIDO 500ML,1,un,2026-07-02,Obtenção,Pedido 86,,2026-07-02,7,Produto de limpeza,,
PAPEL HIGIÊNICO (PACOTE C/ 04 ROLOS),1,un,2026-07-02,SECOM,Pedido 87,,2026-07-02,7,Produto de limpeza,,
ALCOOL ETILICO 70% 1L,1,un,2026-07-02,SECOM,Pedido 87,,2026-07-02,7,Produto de limpeza,,
PANO LIMPEZA,1,un,2026-07-02,SECOM,Pedido 87,,2026-07-02,7,Produto de limpeza,,
DESINFETANTE BIO-KRISS MULTIUSO 500ML,1,un,2026-07-02,SECOM,Pedido 87,,2026-07-02,7,Produto de limpeza,,
SABONETE LÍQUIDO 500ML,1,un,2026-07-02,SECOM,Pedido 87,,2026-07-02,7,Produto de limpeza,,
SABAO EM PO 1KG,1,un,2026-07-02,SECOM,Pedido 87,,2026-07-02,7,Produto de limpeza,,
SACO PLASTICO 100LT,50,un,2026-07-02,SECOM,Pedido 87,,2026-07-02,7,Produto de limpeza,,
ESPONJA DUPLA FACE,1,un,2026-07-02,SECOM,Pedido 87,,2026-07-02,7,Produto de limpeza,,
Desinfetante Líquido Embalagem 2L,1,un,2026-07-02,SECOM,Pedido 87,,2026-07-02,7,Produto de limpeza,,
ALCOOL GEL 500ML,1,un,2026-07-02,SECOM,Pedido 87,,2026-07-02,7,Produto de limpeza,,
PAPEL A4 BRANCO 210X297 RESMA DE 500,2,un,2026-07-13,Gabinete do Comandante,Pedido 88,,2026-07-15,7,Escritório,,
Botina,1,un,2026-07-13,Gabinete do Comandante,Pedido 88,,2026-07-15,7,Industrial,,
ESPONJA DUPLA FACE,3,un,2026-07-14,Divisão de Máquinas,Pedido 89,,2026-07-16,7,Produto de limpeza,,
LIMPA VIDROS 500ML,1,un,2026-07-14,Divisão de Máquinas,Pedido 89,,2026-07-16,7,Produto de limpeza,,
SABAO EM PO 1KG,3,un,2026-07-14,Divisão de Máquinas,Pedido 89,,2026-07-16,7,Produto de limpeza,,
SACO PLASTICO 40LT,15,un,2026-07-14,Divisão de Máquinas,Pedido 89,,2026-07-16,7,Produto de limpeza,,
DETERGENTE LIQUIDO 500 ML,3,un,2026-07-14,Divisão de Máquinas,Pedido 89,,2026-07-16,7,Produto de limpeza,,
PANO LIMPEZA,10,un,2026-07-14,Divisão de Máquinas,Pedido 89,,2026-07-16,7,Produto de limpeza,,
PAPEL HIGIÊNICO (PACOTE C/ 04 ROLOS),2,un,2026-07-14,Divisão de Máquinas,Pedido 89,,2026-07-16,7,Produto de limpeza,,
SABONETE LÍQUIDO 500ML,1,un,2026-07-14,Divisão de Máquinas,Pedido 89,,2026-07-16,7,Produto de limpeza,,
PANO LIMPEZA,10,un,2026-07-14,Divisão de Máquinas,Pedido 89,,2026-07-16,7,Produto de limpeza,,
POLIDOR  DE METAIS 200ML,1,un,2026-07-14,Divisão de Máquinas,Pedido 89,,2026-07-16,7,Produto de limpeza,,
PAPEL A4 BRANCO 210X297 RESMA DE 500,1,un,2026-07-14,Divisão de Máquinas,Pedido 89,,2026-07-16,7,Produto de limpeza,,
VASSOURA DE PELO SINTETICO,2,un,2026-07-14,Divisão de Máquinas,Pedido 89,,2026-07-16,7,Produto de limpeza,,
BALDE PLASTICO 10 LI P/LIMPEZA,1,un,2026-07-14,Divisão de Máquinas,Pedido 89,,2026-07-16,7,Produto de limpeza,,
PAPEL TOALHA INTERFOLHADO FOLHA DUPLA un,1,un,2026-07-15,ETA/ETE,Pedido 90,,2026-07-16,7,Produto de limpeza,,
SACO PLASTICO 100LT,10,un,2026-07-15,ETA/ETE,Pedido 90,,2026-07-16,7,Produto de limpeza,,
ALCOOL ETILICO 70% 1L,1,un,2026-07-15,ETA/ETE,Pedido 90,,2026-07-16,7,Produto de limpeza,,
PANO LIMPEZA,2,un,2026-07-15,ETA/ETE,Pedido 90,,2026-07-16,7,Produto de limpeza,,
SABAO EM PO 1KG,1,un,2026-07-15,ETA/ETE,Pedido 90,,2026-07-16,7,Produto de limpeza,,
DETERGENTE LIQUIDO 500 ML,4,un,2026-07-15,ETA/ETE,Pedido 90,,2026-07-16,7,Produto de limpeza,,
ESPONJA DUPLA FACE,2,un,2026-07-15,ETA/ETE,Pedido 90,,2026-07-16,7,Produto de limpeza,,
SACO PLASTICO 40LT,20,un,2026-07-15,ETA/ETE,Pedido 90,,2026-07-16,7,Produto de limpeza,,
LUVA P/PROCEDIMENTOS NÃO CIRÚGICO CX100,1,un,2026-07-15,ETA/ETE,Pedido 90,,2026-07-16,7,Produto de limpeza,,
PAPEL HIGIÊNICO (PACOTE C/ 12 ROLOS),12,un,2026-07-15,ETA/ETE,Pedido 90,,2026-07-16,7,Produto de limpeza,,
SABAO EM PO 1KG,2,un,2026-07-14,SECOM,Pedido 91,,2026-07-16,7,Produto de limpeza,,
ALCOOL ETILICO 70% 1L,1,un,2026-07-14,SECOM,Pedido 91,,2026-07-16,7,Produto de limpeza,,
DESINFETANTE BIO-KRISS MULTIUSO 500ML,2,un,2026-07-14,SECOM,Pedido 91,,2026-07-16,7,Produto de limpeza,,
ESPONJA DUPLA FACE,1,un,2026-07-14,SECOM,Pedido 91,,2026-07-16,7,Produto de limpeza,,
SABONETE LÍQUIDO 500ML,1,un,2026-07-14,SECOM,Pedido 91,,2026-07-16,7,Produto de limpeza,,
DETERGENTE LIQUIDO 500 ML,2,un,2026-07-14,SECOM,Pedido 91,,2026-07-16,7,Produto de limpeza,,
PANO LIMPEZA,1,un,2026-07-14,SECOM,Pedido 91,,2026-07-16,7,Produto de limpeza,,
PAPEL HIGIÊNICO (PACOTE C/ 04 ROLOS),2,un,2026-07-14,SECOM,Pedido 91,,2026-07-16,7,Produto de limpeza,,
PANO LIMPEZA,3,un,2026-07-02,Cozinha,Pedido 92,,2026-07-02,7,Produto de limpeza,,
DESINFETANTE LÍQUIDO 5LITROS,1,un,2026-07-02,Cozinha,Pedido 92,,2026-07-02,7,Produto de limpeza,,
AGUA SANITÁRIA 1L,3,un,2026-07-02,Cozinha,Pedido 92,,2026-07-02,7,Produto de limpeza,,
DETERGENTE LIQUIDO 500 ML,15,un,2026-07-02,Cozinha,Pedido 92,,2026-07-02,7,Produto de limpeza,,
VASSOURA DE PELO SINTETICO,2,un,2026-07-02,Cozinha,Pedido 92,,2026-07-02,7,Produto de limpeza,,
RODO DE BORRACHA TAMANHO 60CM,2,un,2026-07-02,Cozinha,Pedido 92,,2026-07-02,7,Produto de limpeza,,
ESPONJA DUPLA FACE,10,un,2026-07-02,Cozinha,Pedido 92,,2026-07-02,7,Produto de limpeza,,
SABAO EM PO 1KG,5,un,2026-07-02,Cozinha,Pedido 92,,2026-07-02,7,Produto de limpeza,,
SACO PLÁSTICO PARA LIXO 50 LITROS,100,un,2026-07-02,Cozinha,Pedido 92,,2026-07-02,7,Produto de limpeza,,
SACO PLASTICO 100LT,50,un,2026-07-02,Cozinha,Pedido 92,,2026-07-02,7,Produto de limpeza,,
BALDE PLASTICO 10 LI P/LIMPEZA,2,un,2026-07-02,Cozinha,Pedido 92,,2026-07-02,7,Produto de limpeza,,
SABAO EM PO 1KG,1,un,2026-07-16,Obtenção,Pedido 93,,2026-07-16,7,Produto de limpeza,,
LIMPA VIDROS 500ML,1,un,2026-07-16,Obtenção,Pedido 93,,2026-07-16,7,Produto de limpeza,,
ALCOOL ETILICO 70% 1L,2,un,2026-07-16,Obtenção,Pedido 93,,2026-07-16,7,Produto de limpeza,,
LUSTRA MOVEIS 200ML,1,un,2026-07-16,Obtenção,Pedido 93,,2026-07-16,7,Produto de limpeza,,
DETERGENTE LIQUIDO 500 ML,2,un,2026-07-16,Obtenção,Pedido 93,,2026-07-16,7,Produto de limpeza,,
SACO PLASTICO 40LT,20,un,2026-07-16,Obtenção,Pedido 93,,2026-07-16,7,Produto de limpeza,,
ESPONJA DUPLA FACE,3,un,2026-07-16,Obtenção,Pedido 93,,2026-07-16,7,Produto de limpeza,,
Envelope pardo 162x229MM,20,un,2026-07-14,SECOM,Pedido 94,,2026-07-17,7,Escritório,,
Cola plástica 90g,1,un,2026-07-14,SECOM,Pedido 94,,2026-07-18,7,Escritório,,
Borracha escolar branca,3,un,2026-07-14,SECOM,Pedido 94,,2026-07-19,7,Escritório,,
PAPEL A4 BRANCO 210X297 RESMA DE 500,2,un,2026-07-14,SECOM,Pedido 94,,2026-07-20,7,Escritório,,
Clips NR 6,1,un,2026-07-14,SECOM,Pedido 94,,2026-07-21,7,Escritório,,
PAPEL A4 BRANCO 210X297 RESMA DE 500,3,un,2026-07-16,Obtenção,Pedido 95,,2026-07-16,7,Escritório,,
SACO PLASTICO 60LT,100,un,2026-07-13,Gabinete do Comandante,Pedido 96,,2026-07-16,7,Produto de limpeza,,
ESPONJA DUPLA FACE,4,un,2026-07-13,Gabinete do Comandante,Pedido 96,,2026-07-16,7,Produto de limpeza,,
PANO LIMPEZA,4,un,2026-07-13,Gabinete do Comandante,Pedido 96,,2026-07-16,7,Produto de limpeza,,
DETERGENTE LIQUIDO 500 ML,3,un,2026-07-13,Gabinete do Comandante,Pedido 96,,2026-07-16,7,Produto de limpeza,,
PAPEL HIGIÊNICO (PACOTE C/ 04 ROLOS),4,un,2026-07-13,Gabinete do Comandante,Pedido 96,,2026-07-16,7,Produto de limpeza,,
VASSOURA DE PELO SINTETICO,2,un,2026-07-13,Gabinete do Comandante,Pedido 96,,2026-07-16,7,Produto de limpeza,,
ALCOOL ETILICO 70% 1L,5,un,2026-07-02,Salões,Pedido 97,,2026-07-02,7,Produto de limpeza,,
PANO LIMPEZA,3,un,2026-07-02,Salões,Pedido 97,,2026-07-02,7,Produto de limpeza,,
SABAO EM PO 1KG,5,un,2026-07-02,Salões,Pedido 97,,2026-07-02,7,Produto de limpeza,,
AGUA SANITÁRIA 1L,3,un,2026-07-02,Salões,Pedido 97,,2026-07-02,7,Produto de limpeza,,
ODORIZANTE DE AMBIENTES,2,un,2026-07-02,Salões,Pedido 97,,2026-07-02,7,Produto de limpeza,,
PAPEL TOALHA INTERFOLHADO FOLHA DUPLA un,5,un,2026-07-02,Salões,Pedido 97,,2026-07-02,7,Produto de limpeza,,
PÁ PARA LIXO PEQUENA,1,un,2026-07-02,Salões,Pedido 97,,2026-07-02,7,Produto de limpeza,,
SACO PLASTICO 40LT,100,un,2026-07-02,Salões,Pedido 97,,2026-07-02,7,Produto de limpeza,,
SACO PLASTICO 100LT,50,un,2026-07-02,Salões,Pedido 97,,2026-07-02,7,Produto de limpeza,,
DETERGENTE LIQUIDO 500 ML,15,un,2026-07-02,Salões,Pedido 97,,2026-07-02,7,Produto de limpeza,,
DESINFETANTE LÍQUIDO 5LITROS,1,un,2026-07-02,Salões,Pedido 97,,2026-07-02,7,Produto de limpeza,,
LIMPA VIDROS 500ML,5,un,2026-07-02,Salões,Pedido 97,,2026-07-02,7,Produto de limpeza,,
SABAO EM PO 1KG,3,un,2026-07-15,DP,Pedido 98,,2026-07-16,7,Produto de limpeza,,
ESPONJA DUPLA FACE,4,un,2026-07-15,DP,Pedido 98,,2026-07-16,7,Produto de limpeza,,
PANO LIMPEZA,4,un,2026-07-15,DP,Pedido 98,,2026-07-16,7,Produto de limpeza,,
PAPEL HIGIÊNICO (PACOTE C/ 04 ROLOS),6,un,2026-07-15,DP,Pedido 98,,2026-07-16,7,Produto de limpeza,,
Envelope pardo 162x229MM,10,un,2026-07-15,DP,Pedido 99,,2026-07-16,7,Escritório,,
Livro ATA Capa dura com 100Fls,2,un,2026-07-15,DP,Pedido 99,,2026-07-16,7,Escritório,,
PAPEL A4 BRANCO 210X297 RESMA DE 500,2,un,2026-07-15,DP,Pedido 99,,2026-07-16,7,Escritório,,
PANO LIMPEZA,5,un,2026-07-15,Of. de Estruturas,Pedido 100,,2026-07-17,7,Produto de limpeza,,
DETERGENTE LIQUIDO 500 ML,5,un,2026-07-15,Of. de Estruturas,Pedido 100,,2026-07-17,7,Produto de limpeza,,
VASSOURA DE PELO SINTETICO,2,un,2026-07-15,Of. de Estruturas,Pedido 100,,2026-07-17,7,Produto de limpeza,,
SACO PLÁSTICO PARA LIXO 50 LITROS,20,un,2026-07-15,Of. de Estruturas,Pedido 100,,2026-07-17,7,Produto de limpeza,,
SACO PLASTICO 100LT,20,un,2026-07-15,Of. de Estruturas,Pedido 100,,2026-07-17,7,Produto de limpeza,,
SABONETE LÍQUIDO 500ML,1,un,2026-07-15,Of. de Estruturas,Pedido 100,,2026-07-17,7,Produto de limpeza,,
DESINFETANTE BIO-KRISS MULTIUSO 500ML,2,un,2026-07-15,Of. de Estruturas,Pedido 100,,2026-07-17,7,Produto de limpeza,,
ESPONJA DUPLA FACE,5,un,2026-07-15,Of. de Estruturas,Pedido 100,,2026-07-17,7,Produto de limpeza,,
PÁ PARA LIXO PEQUENA,1,un,2026-07-15,Of. de Estruturas,Pedido 100,,2026-07-17,7,Produto de limpeza,,
PAPEL HIGIÊNICO (PACOTE C/ 12 ROLOS),5,rolo,2026-07-15,Of. de Estruturas,Pedido 100,,2026-07-17,7,Produto de limpeza,,
SABAO EM PO 1KG,4,un,2026-07-15,Of. de Estruturas,Pedido 100,,2026-07-17,7,Produto de limpeza,,
DESINFETANTE LÍQUIDO 5LITROS,1,un,2026-07-02,DP,Pedido 101,,2026-07-02,7,Produto de limpeza,,
SACO PLASTICO 100LT,40,un,2026-07-02,DP,Pedido 101,,2026-07-02,7,Produto de limpeza,,
PANO LIMPEZA,5,un,2026-07-02,DP,Pedido 101,,2026-07-02,7,Produto de limpeza,,
LIMPA VIDROS 500ML,2,un,2026-07-02,DP,Pedido 101,,2026-07-02,7,Produto de limpeza,,
SACO PLASTICO 40LT,40,un,2026-07-02,DP,Pedido 101,,2026-07-02,7,Produto de limpeza,,
PAPEL TOALHA INTERFOLHADO FOLHA DUPLA un,3,un,2026-07-02,DP,Pedido 101,,2026-07-02,7,Produto de limpeza,,
PAPEL HIGIÊNICO (PACOTE C/ 12 ROLOS),12,rolo,2026-07-02,DP,Pedido 101,,2026-07-02,7,Produto de limpeza,,
LUVA P/PROCEDIMENTOS NÃO CIRÚGICO CX100,1,un,2026-07-02,DP,Pedido 101,,2026-07-02,7,Produto de limpeza,,
PAPEL TOALHA INTERFOLHADO FOLHA DUPLA un,10,rolo,2026-07-15,Cozinha,Pedido 102,,2026-07-15,7,Produto de limpeza,,
SACO PLASTICO 40LT,200,un,2026-07-15,Cozinha,Pedido 102,,2026-07-15,7,Produto de limpeza,,
DETERGENTE LIQUIDO 500 ML,48,un,2026-07-15,Cozinha,Pedido 102,,2026-07-15,7,Produto de limpeza,,
PANO LIMPEZA,10,un,2026-07-15,Cozinha,Pedido 102,,2026-07-15,7,Produto de limpeza,,
ESPONJA DUPLA FACE,10,un,2026-07-15,Cozinha,Pedido 102,,2026-07-15,7,Produto de limpeza,,
SABAO EM PO 1KG,10,un,2026-07-15,Cozinha,Pedido 102,,2026-07-15,7,Produto de limpeza,,
DESINFETANTE LÍQUIDO 5LITROS,10,un,2026-07-15,Cozinha,Pedido 102,,2026-07-15,7,Produto de limpeza,,
ALCOOL ETILICO 70% 1L,10,un,2026-07-15,Cozinha,Pedido 102,,2026-07-15,7,Produto de limpeza,,
ESPONJA DUPLA FACE,3,un,2026-07-14,Prefeitura,Pedido 103,,2026-07-16,7,Produto de limpeza,,
SACO PLASTICO 40LT,15,un,2026-07-14,Prefeitura,Pedido 103,,2026-07-16,7,Produto de limpeza,,
PAPEL HIGIÊNICO (PACOTE C/ 12 ROLOS),12,rolo,2026-07-14,Prefeitura,Pedido 103,,2026-07-16,7,Produto de limpeza,,
DESINFETANTE BIO-KRISS MULTIUSO 500ML,3,un,2026-07-14,Prefeitura,Pedido 103,,2026-07-16,7,Produto de limpeza,,
SACO PLASTICO 100LT,10,un,2026-07-14,Prefeitura,Pedido 103,,2026-07-16,7,Produto de limpeza,,
DETERGENTE LIQUIDO 500 ML,3,un,2026-07-14,Prefeitura,Pedido 103,,2026-07-16,7,Produto de limpeza,,
SABAO EM PO 1KG,3,un,2026-07-14,Prefeitura,Pedido 103,,2026-07-16,7,Produto de limpeza,,
PANO LIMPEZA,3,un,2026-07-14,Prefeitura,Pedido 103,,2026-07-16,7,Produto de limpeza,,
SACO PLASTICO 100LT,100,un,2026-07-20,Cozinha,Pedido 104,,2026-07-20,7,Produto de limpeza,,
SACO PLASTICO 40LT,200,un,2026-07-20,Cozinha,Pedido 104,,2026-07-20,7,Produto de limpeza,,
SABAO EM PO 1KG,10,un,2026-07-20,Cozinha,Pedido 104,,2026-07-20,7,Produto de limpeza,,
PAPEL TOALHA INTERFOLHADO FOLHA DUPLA un,3,un,2026-07-20,Cozinha,Pedido 104,,2026-07-20,7,Produto de limpeza,,
DETERGENTE LIQUIDO 500 ML,30,un,2026-07-20,Cozinha,Pedido 104,,2026-07-20,7,Produto de limpeza,,
PANO LIMPEZA,5,un,2026-07-20,Cozinha,Pedido 104,,2026-07-20,7,Produto de limpeza,,
ESPONJA DUPLA FACE,8,un,2026-07-20,Cozinha,Pedido 104,,2026-07-20,7,Produto de limpeza,,
Vassoura piaçava,3,un,2026-07-20,Cozinha,Pedido 104,,2026-07-20,7,Produto de limpeza,,
DESINFETANTE LÍQUIDO 5LITROS,1,un,2026-07-20,Cozinha,Pedido 104,,2026-07-20,7,Produto de limpeza,,
Grampo p/ grampeador 26/06,1,un,2026-07-14,Prefeitura,Pedido 105,,2026-07-16,7,Escritório,,
Grampo p/ grampeador 23/13,1,un,2026-07-14,Prefeitura,Pedido 105,,2026-07-16,7,Escritório,,
PAPEL A4 BRANCO 210X297 RESMA DE 500,1,un,2026-07-14,Prefeitura,Pedido 105,,2026-07-16,7,Escritório,,
Cola plástica 90g,1,un,2026-07-14,Prefeitura,Pedido 105,,2026-07-16,7,Escritório,,
Pasta p/ arquivo suspenso,3,un,2026-07-14,Prefeitura,Pedido 105,,2026-07-16,7,Escritório,,
SACO PLASTICO 100LT,15,un,2026-07-14,Aloj. Fem Of.,Pedido 106,,2026-07-16,7,Produto de limpeza,,
SABAO EM PO 1KG,3,un,2026-07-14,Aloj. Fem Of.,Pedido 106,,2026-07-16,7,Produto de limpeza,,
PAPEL TOALHA BRANCO,3,un,2026-07-14,Aloj. Fem Of.,Pedido 106,,2026-07-16,7,Produto de limpeza,,
ESPONJA DUPLA FACE,3,un,2026-07-14,Aloj. Fem Of.,Pedido 106,,2026-07-16,7,Produto de limpeza,,
SACO PLASTICO 40LT,15,un,2026-07-14,Aloj. Fem Of.,Pedido 106,,2026-07-16,7,Produto de limpeza,,
PAPEL HIGIÊNICO (PACOTE C/ 12 ROLOS),12,rolo,2026-07-14,Aloj. Fem Of.,Pedido 106,,2026-07-16,7,Produto de limpeza,,
PANO LIMPEZA,3,un,2026-07-14,Aloj. Fem Of.,Pedido 106,,2026-07-16,7,Produto de limpeza,,
DETERGENTE LIQUIDO 500 ML,3,un,2026-07-14,Aloj. Fem Of.,Pedido 106,,2026-07-16,7,Produto de limpeza,,
DETERGENTE LIQUIDO 500 ML,3,un,2026-07-14,Aloj. Fem CB/MN,Pedido 107,,2026-07-16,7,Produto de limpeza,,
SACO PLASTICO 100LT,25,un,2026-07-14,Aloj. Fem CB/MN,Pedido 107,,2026-07-16,7,Produto de limpeza,,
ESPONJA DUPLA FACE,3,un,2026-07-14,Aloj. Fem CB/MN,Pedido 107,,2026-07-16,7,Produto de limpeza,,
PAPEL HIGIÊNICO (PACOTE C/ 12 ROLOS),12,rolo,2026-07-14,Aloj. Fem CB/MN,Pedido 107,,2026-07-16,7,Produto de limpeza,,
PANO LIMPEZA,3,un,2026-07-14,Aloj. Fem CB/MN,Pedido 107,,2026-07-16,7,Produto de limpeza,,
PAPEL TOALHA BRANCO,3,un,2026-07-14,Aloj. Fem CB/MN,Pedido 107,,2026-07-16,7,Produto de limpeza,,
SABAO EM PO 1KG,3,un,2026-07-14,Aloj. Fem CB/MN,Pedido 107,,2026-07-16,7,Produto de limpeza,,
DETERGENTE LIQUIDO 500 ML,3,un,2026-07-14,Aloj. Mas CB/MN,Pedido 108,,2026-07-16,7,Produto de limpeza,,
SACO PLASTICO 40LT,30,un,2026-07-14,Aloj. Mas CB/MN,Pedido 108,,2026-07-16,7,Produto de limpeza,,
DESINFETANTE BIO-KRISS MULTIUSO 500ML,3,un,2026-07-14,Aloj. Mas CB/MN,Pedido 108,,2026-07-16,7,Produto de limpeza,,
SABAO EM PO 1KG,4,un,2026-07-14,Aloj. Mas CB/MN,Pedido 108,,2026-07-16,7,Produto de limpeza,,
PANO LIMPEZA,3,un,2026-07-14,Aloj. Mas CB/MN,Pedido 108,,2026-07-16,7,Produto de limpeza,,
SACO PLASTICO 100LT,25,un,2026-07-14,Aloj. Mas CB/MN,Pedido 108,,2026-07-16,7,Produto de limpeza,,
ESPONJA DUPLA FACE,3,un,2026-07-14,Aloj. Mas CB/MN,Pedido 108,,2026-07-16,7,Produto de limpeza,,
PAPEL HIGIÊNICO (PACOTE C/ 12 ROLOS),12,rolo,2026-07-14,Aloj. Mas CB/MN,Pedido 108,,2026-07-16,7,Produto de limpeza,,
DETERGENTE LIQUIDO 500 ML,3,un,2026-07-16,Faxina do Mestre,Pedido 109,,2026-07-21,7,Produto de limpeza,,
DESINFETANTE LÍQUIDO 5LITROS,1,un,2026-07-16,Faxina do Mestre,Pedido 109,,2026-07-21,7,Produto de limpeza,,
PANO LIMPEZA,4,un,2026-07-16,Faxina do Mestre,Pedido 109,,2026-07-21,7,Produto de limpeza,,
Vassoura piaçava,1,un,2026-07-16,Faxina do Mestre,Pedido 109,,2026-07-21,7,Produto de limpeza,,
LUVA DE LATEX FORRADA PARA LIMPEZA,2,un,2026-07-16,Faxina do Mestre,Pedido 109,,2026-07-21,7,Produto de limpeza,,
SACO PLASTICO 100LT,30,un,2026-07-16,Faxina do Mestre,Pedido 109,,2026-07-21,7,Produto de limpeza,,
SACO PLÁSTICO PARA LIXO 50 LITROS,70,un,2026-07-16,Faxina do Mestre,Pedido 109,,2026-07-21,7,Produto de limpeza,,
PÁ PARA LIXO PEQUENA,1,un,2026-07-16,Faxina do Mestre,Pedido 109,,2026-07-21,7,Produto de limpeza,,
SACO PLASTICO 100LT,10,un,2026-07-21,Contabilidade,Pedido 110,,2026-07-22,7,Produto de limpeza,,
Grampeador p/papel,1,un,2026-07-21,Contabilidade,Pedido 110,,2026-07-22,7,Escritório,,
SACO PLASTICO 40LT,10,un,2026-07-21,Contabilidade,Pedido 110,,2026-07-22,7,Produto de limpeza,,
Envelope pardo 325x450MM,10,un,2026-07-21,Contabilidade,Pedido 110,,2026-07-22,7,Escritório,,
Prendedor de papel 41MM,4,un,2026-07-21,Contabilidade,Pedido 110,,2026-07-22,7,Escritório,,
PANO LIMPEZA,5,un,2026-07-21,Contabilidade,Pedido 110,,2026-07-22,7,Produto de limpeza,,
Tesoura 21 cm,1,un,2026-07-21,Contabilidade,Pedido 110,,2026-07-22,7,Escritório,,
TOUCA C/100UN,5,pct,2026-07-22,Cozinha,Pedido 111,,2026-07-22,7,Produto de limpeza,,
Lacre,100,un,2026-07-22,DP,Pedido 112,,2026-07-22,7,Escritório,,
Tinta branco neve,1,un,2026-07-20,Faxina do Mestre,Pedido 113,,2026-07-21,7,Prefeitura,,
Tinta esmalte cinza platina,1,un,2026-07-20,Faxina do Mestre,Pedido 113,,2026-07-21,7,Prefeitura,,
Trincha de 1/2 POL.,2,un,2026-07-20,Faxina do Mestre,Pedido 113,,2026-07-21,7,Prefeitura,,
Rolo de espuma 23cm,5,un,2026-07-20,Faxina do Mestre,Pedido 113,,2026-07-21,7,Prefeitura,,
LUSTRA MOVEIS 200ML,5,un,2026-07-03,Carpintaria,Pedido 114,,2026-07-03,7,Produto de limpeza,,
Selador,1,un,2026-07-03,Carpintaria,Pedido 114,,2026-07-03,7,Prefeitura,,
Tinta branca,1,un,2026-07-06,Cozinha,Pedido 115,,2026-07-06,7,Prefeitura,,
Lacre,200,un,2026-07-10,Paiol de Mantimentos,Pedido 116,,2026-07-10,7,Escritório,,
Fita adesiva,2,un,2026-07-10,Paiol de Mantimentos,Pedido 116,,2026-07-10,7,Produto de limpeza,,
DETERGENTE LIQUIDO 500 ML,2,un,2026-07-16,Aloj. Fem CB/MN,Pedido 117,,2026-07-23,7,Produto de limpeza,,
SABAO EM PO 1KG,2,un,2026-07-16,Aloj. Fem CB/MN,Pedido 117,,2026-07-23,7,Produto de limpeza,,
PANO LIMPEZA,1,un,2026-07-16,Aloj. Fem CB/MN,Pedido 117,,2026-07-23,7,Produto de limpeza,,
PAPEL HIGIÊNICO (PACOTE C/ 12 ROLOS),12,rolo,2026-07-16,Aloj. Fem CB/MN,Pedido 117,,2026-07-23,7,Produto de limpeza,,
SACO PLASTICO 40LT,40,un,2026-07-16,Aloj. Fem CB/MN,Pedido 117,,2026-07-23,7,Produto de limpeza,,
PAPEL HIGIÊNICO (PACOTE C/ 12 ROLOS),12,rolo,2026-07-16,Aloj. Mas CB/MN,Pedido 118,,2026-07-23,7,Produto de limpeza,,
DETERGENTE LIQUIDO 500 ML,3,un,2026-07-16,Aloj. Mas CB/MN,Pedido 118,,2026-07-23,7,Produto de limpeza,,
SACO PLASTICO 40LT,70,un,2026-07-16,Aloj. Mas CB/MN,Pedido 118,,2026-07-23,7,Produto de limpeza,,
AGUA SANITÁRIA 1L,1,un,2026-07-16,Aloj. Mas CB/MN,Pedido 118,,2026-07-23,7,Produto de limpeza,,
PANO LIMPEZA,1,un,2026-07-16,Aloj. Mas CB/MN,Pedido 118,,2026-07-23,7,Produto de limpeza,,
SABAO EM PO 1KG,3,un,2026-07-16,Aloj. Mas CB/MN,Pedido 118,,2026-07-23,7,Produto de limpeza,,
ESPONJA DUPLA FACE,2,un,2026-07-16,Aloj. Mas CB/MN,Pedido 118,,2026-07-23,7,Produto de limpeza,,
AGUA SANITÁRIA 1L,1,un,2026-07-16,Aloj. Fem Of.,Pedido 119,,2026-07-23,7,Produto de limpeza,,
SABAO EM PO 1KG,3,un,2026-07-16,Aloj. Fem Of.,Pedido 119,,2026-07-23,7,Produto de limpeza,,
SACO PLÁSTICO PARA LIXO 50 LITROS,10,un,2026-07-16,Aloj. Fem Of.,Pedido 119,,2026-07-23,7,Produto de limpeza,,
SACO PLASTICO 40LT,20,un,2026-07-16,Aloj. Fem Of.,Pedido 119,,2026-07-23,7,Produto de limpeza,,
DETERGENTE LIQUIDO 500 ML,3,un,2026-07-16,Aloj. Fem Of.,Pedido 119,,2026-07-23,7,Produto de limpeza,,
PANO LIMPEZA,1,un,2026-07-16,Aloj. Fem Of.,Pedido 119,,2026-07-23,7,Produto de limpeza,,
PAPEL HIGIÊNICO (PACOTE C/ 12 ROLOS),12,rolo,2026-07-16,Aloj. Fem Of.,Pedido 119,,2026-07-23,7,Produto de limpeza,,
PAPEL HIGIÊNICO (PACOTE C/ 12 ROLOS),12,rolo,2026-07-16,Prefeitura,Pedido 120,,2026-07-23,7,Produto de limpeza,,
SACO PLASTICO 40LT,20,un,2026-07-16,Prefeitura,Pedido 120,,2026-07-23,7,Produto de limpeza,,
DETERGENTE LIQUIDO 500 ML,3,un,2026-07-16,Prefeitura,Pedido 120,,2026-07-23,7,Produto de limpeza,,
SABAO EM PO 1KG,3,un,2026-07-16,Prefeitura,Pedido 120,,2026-07-23,7,Produto de limpeza,,
PANO LIMPEZA,1,un,2026-07-16,Prefeitura,Pedido 120,,2026-07-23,7,Produto de limpeza,,
SACO PLÁSTICO PARA LIXO 50 LITROS,10,un,2026-07-16,Prefeitura,Pedido 120,,2026-07-23,7,Produto de limpeza,,
PAPEL HIGIÊNICO (PACOTE C/ 12 ROLOS),3,rolo,2026-07-23,Of. de Docagem,Pedido 121,,2026-07-23,7,Produto de limpeza,,
DETERGENTE LIQUIDO 500 ML,4,un,2026-07-23,Of. de Docagem,Pedido 121,,2026-07-23,7,Produto de limpeza,,
PANO LIMPEZA,4,un,2026-07-23,Of. de Docagem,Pedido 121,,2026-07-23,7,Produto de limpeza,,
BALDE PLASTICO 10 LI P/LIMPEZA,1,un,2026-07-23,Of. de Docagem,Pedido 121,,2026-07-23,7,Produto de limpeza,,
SACO PLÁSTICO PARA LIXO 50 LITROS,20,un,2026-07-23,Of. de Docagem,Pedido 121,,2026-07-23,7,Produto de limpeza,,
Vassoura piaçava,1,un,2026-07-23,Of. de Docagem,Pedido 121,,2026-07-23,7,Produto de limpeza,,
ESPONJA DUPLA FACE,4,un,2026-07-23,Of. de Docagem,Pedido 121,,2026-07-23,7,Produto de limpeza,,
ALCOOL ETILICO 70% 1L,1,un,2026-07-23,Of. de Docagem,Pedido 121,,2026-07-23,7,Produto de limpeza,,
SABAO EM PO 1KG,1,un,2026-07-23,Of. de Docagem,Pedido 121,,2026-07-23,7,Produto de limpeza,,
SACO PLÁSTICO PARA LIXO 50 LITROS,30,un,2026-07-23,Faxina do Mestre,Pedido 122,,2026-07-23,7,Produto de limpeza,,
SACO PLÁSTICO PARA LIXO 50 LITROS,25,un,2026-07-23,Faxina do Mestre,Pedido 122,,2026-07-23,7,Produto de limpeza,,
Trapo,4,un,2026-07-23,Cozinha,Pedido 123,,2026-07-23,7,Produto de limpeza,,
PANO PERFEX,20,un,2026-07-23,Cozinha,Pedido 123,,2026-07-23,7,Produto de limpeza,,
ODORIZANTE DE AMBIENTES,1,un,2026-07-23,Cozinha,Pedido 123,,2026-07-23,7,Produto de limpeza,,
LUVA P/PROCEDIMENTOS NÃO CIRÚGICO CX100,2,un,2026-07-23,Cozinha,Pedido 123,,2026-07-23,7,Produto de limpeza,,
AGUA SANITÁRIA 1L,4,un,2026-07-23,Cozinha,Pedido 123,,2026-07-23,7,Produto de limpeza,,
SACO PLASTICO 100LT,2,un,2026-07-23,Cozinha,Pedido 123,,2026-07-23,7,Produto de limpeza,,
SACO PLÁSTICO PARA LIXO 50 LITROS,200,un,2026-07-23,Cozinha,Pedido 123,,2026-07-23,7,Produto de limpeza,,
VASSOURA DE PELO SINTETICO,2,un,2026-07-23,Cozinha,Pedido 123,,2026-07-23,7,Produto de limpeza,,
SABAO EM PO 1KG,8,un,2026-07-23,Cozinha,Pedido 123,,2026-07-23,7,Produto de limpeza,,
Pasta amarela,6,un,2026-07-21,SECOM,Pedido 124,,2026-07-27,7,Escritório,,
Pasta preta pequena,1,un,2026-07-21,SECOM,Pedido 124,,2026-07-27,7,Escritório,,
SACO PLASTICO 100LT,30,un,2026-07-15,Faxina do Mestre,Pedido 125,,2026-07-21,7,Produto de limpeza,,
SACO PLASTICO 40LT,70,un,2026-07-15,Faxina do Mestre,Pedido 125,,2026-07-21,7,Produto de limpeza,,
PAPEL A4 BRANCO 210X297 RESMA DE 500,1,resma,2026-07-27,Conforto,1471194000,,2026-07-27,7,Produto de limpeza,,15
ALCOOL ETILICO 70% 1L,5,un,2026-07-27,Conforto,1471194000,,2026-07-27,7,Produto de limpeza,,
PANO LIMPEZA,2,un,2026-07-27,Conforto,1471194000,,2026-07-27,7,Produto de limpeza,,
Vassoura piaçava,1,un,2026-07-27,Conforto,1471194000,,2026-07-27,7,Produto de limpeza,,
SACO PLASTICO 40LT,50,un,2026-07-27,Conforto,1471194000,,2026-07-27,7,Produto de limpeza,,
SACO PLASTICO 40LT,30,un,2026-07-22,Div. De Eletricidade,Pedido 126,,2026-07-23,7,Produto de limpeza,,
DETERGENTE LIQUIDO 500 ML,2,un,2026-07-22,Div. De Eletricidade,Pedido 126,,2026-07-23,7,Produto de limpeza,,
Tesoura 21 cm,1,un,2026-07-22,Div. De Eletricidade,Pedido 126,,2026-07-23,7,Escritório,,
PAPEL HIGIÊNICO (PACOTE C/ 04 ROLOS),6,un,2026-07-22,DP,Pedido 127,,2026-07-23,7,Produto de limpeza,,
PANO LIMPEZA,4,un,2026-07-22,DP,Pedido 127,,2026-07-23,7,Produto de limpeza,,
PAPEL TOALHA INTERFOLHADO FOLHA DUPLA un,1,un,2026-07-22,DP,Pedido 127,,2026-07-23,7,Produto de limpeza,,
DETERGENTE LIQUIDO 500 ML,3,un,2026-07-22,DP,Pedido 127,,2026-07-23,7,Produto de limpeza,,
ALCOOL ETILICO 70% 1L,2,un,2026-07-22,DP,Pedido 127,,2026-07-23,7,Produto de limpeza,,
AGUA SANITÁRIA 1L,2,un,2026-07-22,DP,Pedido 127,,2026-07-23,7,Produto de limpeza,,
PAPEL A4 BRANCO 210X297 RESMA DE 500,2,un,2026-07-22,DP,Pedido 128,,2026-07-23,7,Escritório,,
Grampeador p/papel,3,un,2026-07-22,DP,Pedido 128,,2026-07-23,7,Escritório,,
Envelope pardo 162x229MM,10,un,2026-07-22,DP,Pedido 128,,2026-07-23,7,Escritório,,
Tesoura 21 cm,2,un,2026-07-22,DP,Pedido 128,,2026-07-23,7,Escritório,,
Quadro elétrico de sobrepor,1,un,2026-07-16,Div. De Refrigeração,Pedido 129,,2026-07-16,7,Industrial,,
Fita crepe,4,un,2026-07-16,Div. De Refrigeração,Pedido 129,,2026-07-16,7,Industrial,,
"Fio elétrico de 1x1,50",1,metro,2026-07-16,Div. De Refrigeração,Pedido 129,,2026-07-16,7,Industrial,,
Contator de 50A,1,un,2026-07-16,Div. De Refrigeração,Pedido 129,,2026-07-16,7,Industrial,,
Terminal forquilha,1,un,2026-07-16,Div. De Refrigeração,Pedido 129,,2026-07-16,7,Industrial,,
Válvula de pia,1,un,2026-07-24,Cozinha,Pedido 130,,2026-07-24,7,Prefeitura,,
PEDRA SANITÁRIA,8,un,2026-07-23,DP,Pedido 131,,2026-07-23,7,Produto de limpeza,,
Rejunte,10,Kg,2026-07-16,PNR,Pedido 132,,2026-07-16,7,Prefeitura,,
Viseira Transparente,1,un,2026-07-16,PNR,Pedido 132,,2026-07-16,7,Prefeitura,,
Piso,1,cx,2026-07-16,PNR,Pedido 132,,2026-07-16,7,Prefeitura,,
Luva 50mm,5,un,2026-07-16,PNR,Pedido 132,,2026-07-16,7,Prefeitura,,
Joelho 50mm,5,un,2026-07-16,PNR,Pedido 132,,2026-07-16,7,Prefeitura,,
Folha compensado 15mm,2,un,2026-07-16,PNR,Pedido 132,,2026-07-16,7,Prefeitura,,
Chuveiro elétrico,1,un,2026-07-22,Div. De Eletricidade,Pedido 133,,2026-07-23,7,Prefeitura,,
Argamassa,3,un,2026-07-21,PNR,Pedido 134,,2026-07-21,7,Prefeitura,,
Rabicho,4,un,2026-07-23,Prefeitura,Pedido 135,,2026-07-23,7,Prefeitura,,
Caixa de distribuição,1,un,2026-07-23,Prefeitura,Pedido 135,,2026-07-23,7,Prefeitura,,
ESPONJA DUPLA FACE,3,un,2026-07-29,Faxina do Mestre,1472040000,,2026-07-29,7,Produto de limpeza,,15
PANO LIMPEZA,3,un,2026-07-29,Faxina do Mestre,1472040000,,2026-07-29,7,Produto de limpeza,,
SACO PLASTICO 40LT,150,un,2026-07-29,Faxina do Mestre,1472040000,,2026-07-29,7,Produto de limpeza,,
SACO PLASTICO 100LT,50,un,2026-07-29,Faxina do Mestre,1472040000,,2026-07-29,7,Produto de limpeza,,
DETERGENTE LIQUIDO 500 ML,3,un,2026-07-29,Faxina do Mestre,1472040000,,2026-07-29,7,Produto de limpeza,,
Envelope pardo 325x450MM,5,un,2026-07-30,Div. De Transportes,1476440000,,2026-07-30,7,Escritório,,10
Clips N4,1,un,2026-07-30,Div. De Transportes,1476440000,,2026-07-30,7,Escritório,,
Prendedor de papel 41MM,5,un,2026-07-30,Div. De Transportes,1476440000,,2026-07-30,7,Escritório,,
PAPEL A4 BRANCO 210X297 RESMA DE 500,1,resma,2026-07-30,Div. De Transportes,1476440000,,2026-07-30,7,Escritório,,
SABAO EM PO 1KG,1,un,2026-07-30,Div. De Transportes,1470656000,,2026-07-30,7,Produto de limpeza,,12
ESPONJA DUPLA FACE,1,un,2026-07-30,Div. De Transportes,1470656000,,2026-07-30,7,Produto de limpeza,,
SACO PLASTICO 40LT,1,un,2026-07-30,Div. De Transportes,1470656000,,2026-07-30,7,Produto de limpeza,,
PANO LIMPEZA,1,un,2026-07-30,Div. De Transportes,1470656000,,2026-07-30,7,Produto de limpeza,,
AGUA SANITÁRIA 1L,1,un,2026-07-30,PNR(COMIMSUP),1471198000,,2026-07-30,7,Produto de limpeza,,14
DETERGENTE LIQUIDO 500 ML,3,un,2026-07-30,PNR(COMIMSUP),1471198000,,2026-07-30,7,Produto de limpeza,,
ESPONJA DUPLA FACE,4,un,2026-07-30,PNR(COMIMSUP),1471198000,,2026-07-30,7,Produto de limpeza,,
PANO LIMPEZA,1,un,2026-07-30,PNR(COMIMSUP),1471198000,,2026-07-30,7,Produto de limpeza,,
SABAO EM PO 1KG,2,un,2026-07-30,PNR(COMIMSUP),1471198000,,2026-07-30,7,Produto de limpeza,,
SACO PLASTICO 40LT,90,un,2026-07-30,PNR(COMIMSUP),1471198000,,2026-07-30,7,Produto de limpeza,,
PAPEL HIGIÊNICO (PACOTE C/ 12 ROLOS),1,rolo,2026-07-30,PNR(COMIMSUP),1471198000,,2026-07-30,7,Produto de limpeza,,
AGUA SANITÁRIA 1L,1,un,2026-07-30,PNR(COMIMSUP),1471191000,,2026-07-30,7,Produto de limpeza,,17
DETERGENTE LIQUIDO 500 ML,3,un,2026-07-30,PNR(COMIMSUP),1471191000,,2026-07-30,7,Produto de limpeza,,
LIMPA VIDROS 500ML,3,un,2026-07-30,PNR(COMIMSUP),1471191000,,2026-07-30,7,Produto de limpeza,,
PANO LIMPEZA,1,un,2026-07-30,PNR(COMIMSUP),1471191000,,2026-07-30,7,Produto de limpeza,,
PAPEL HIGIÊNICO (PACOTE C/ 12 ROLOS),1,rolo,2026-07-30,PNR(COMIMSUP),1471191000,,2026-07-30,7,Produto de limpeza,,
SABAO EM PO 1KG,2,un,2026-07-30,PNR(COMIMSUP),1471191000,,2026-07-30,7,Produto de limpeza,,
SACO PLASTICO 40LT,80,un,2026-07-30,PNR(COMIMSUP),1471191000,,2026-07-30,7,Produto de limpeza,,
ESPONJA DUPLA FACE,3,un,2026-07-30,ETA/ETE,1470750000,,2026-07-30,7,Produto de limpeza,,20
DETERGENTE LIQUIDO 500 ML,6,un,2026-07-30,ETA/ETE,1470750000,,2026-07-30,7,Produto de limpeza,,
PAPEL HIGIÊNICO (PACOTE C/ 12 ROLOS),2,rolo,2026-07-30,ETA/ETE,1470750000,,2026-07-30,7,Produto de limpeza,,
SACO PLASTICO 40LT,40,un,2026-07-30,ETA/ETE,1470750000,,2026-07-30,7,Produto de limpeza,,
AGUA SANITÁRIA 1L,2,un,2026-07-30,ETA/ETE,1470750000,,2026-07-30,7,Produto de limpeza,,
PANO LIMPEZA,2,un,2026-07-30,ETA/ETE,1470750000,,2026-07-30,7,Produto de limpeza,,
ALCOOL ETILICO 70% 1L,2,un,2026-07-30,ETA/ETE,1470750000,,2026-07-30,7,Produto de limpeza,,
SABAO EM PO 1KG,2,un,2026-07-30,ETA/ETE,1470750000,,2026-07-30,7,Produto de limpeza,,
LUSTRA MOVEIS 200ML,2,un,2026-07-30,ETA/ETE,1470750000,,2026-07-30,7,Produto de limpeza,,
ESPONJA DUPLA FACE,5,un,2026-08-05,Salão CB/MN,1474483000,,2026-08-05,8,Produto de limpeza,,10
SACO PLASTICO 40LT,200,un,2026-08-05,Salão CB/MN,1474483000,,2026-08-05,8,Produto de limpeza,,
ALCOOL ETILICO 70% 1L,3,un,2026-08-05,Salão CB/MN,1474483000,,2026-08-05,8,Produto de limpeza,,
SACO PLASTICO 100LT,50,un,2026-08-05,Salão CB/MN,1474483000,,2026-08-05,8,Produto de limpeza,,
SABAO EM PO 1KG,10,un,2026-08-05,Salão CB/MN,1474483000,,2026-08-05,8,Produto de limpeza,,
DETERGENTE LIQUIDO 500 ML,30,un,2026-08-05,Salão CB/MN,1474483000,,2026-08-05,8,Produto de limpeza,,
AGUA SANITÁRIA 1L,6,un,2026-08-05,Salão CB/MN,1474483000,,2026-08-05,8,Produto de limpeza,,
PANO LIMPEZA,5,un,2026-08-05,Salão CB/MN,1474483000,,2026-08-05,8,Produto de limpeza,,
AGUA SANITÁRIA 1L,2,un,2026-08-05,Cozinha,1474528000,,2026-08-05,8,Produto de limpeza,,15
SABAO EM PO 1KG,5,un,2026-08-05,Cozinha,1474528000,,2026-08-05,8,Produto de limpeza,,
SACO PLASTICO 40LT,50,un,2026-08-05,Cozinha,1474528000,,2026-08-05,8,Produto de limpeza,,
SACO PLASTICO 100LT,50,un,2026-08-05,Cozinha,1474528000,,2026-08-05,8,Produto de limpeza,,
DETERGENTE LIQUIDO 500 ML,6,un,2026-08-05,Cozinha,1474528000,,2026-08-05,8,Produto de limpeza,,
ESPONJA DUPLA FACE,3,un,2026-08-05,Cozinha,1474528000,,2026-08-05,8,Produto de limpeza,,
PANO LIMPEZA,4,un,2026-08-05,Cozinha,1474528000,,2026-08-05,8,Produto de limpeza,,
SACO PLASTICO 100LT,100,un,2026-08-05,Cozinha,1474476000,,2026-08-05,8,Produto de limpeza,,18
SACO PLASTICO 40LT,200,un,2026-08-05,Cozinha,1474476000,,2026-08-05,8,Produto de limpeza,,
LUVA DE LATEX FORRADA PARA LIMPEZA,5,un,2026-08-05,Cozinha,1474476000,,2026-08-05,8,Produto de limpeza,,
DETERGENTE LIQUIDO 500 ML,30,un,2026-08-05,Cozinha,1474476000,,2026-08-05,8,Produto de limpeza,,
SABAO EM PO 1KG,10,un,2026-08-05,Cozinha,1474476000,,2026-08-05,8,Produto de limpeza,,
ESPONJA DUPLA FACE,5,un,2026-08-05,Cozinha,1474476000,,2026-08-05,8,Produto de limpeza,,
PANO LIMPEZA,1,un,2026-08-05,Cozinha,1474476000,,2026-08-05,8,Produto de limpeza,,
Vassoura piaçava,1,un,2026-08-05,Cozinha,1474476000,,2026-08-05,8,Produto de limpeza,,
AGUA SANITÁRIA 1L,6,un,2026-08-05,Cozinha,1474476000,,2026-08-05,8,Produto de limpeza,,
ESPONJA DUPLA FACE,3,un,2026-08-05,Cozinha,1474520000,,2026-08-05,8,Produto de limpeza,,17
SACO PLASTICO 100LT,50,un,2026-08-05,Cozinha,1474520000,,2026-08-05,8,Produto de limpeza,,
SACO PLASTICO 40LT,100,un,2026-08-05,Cozinha,1474520000,,2026-08-05,8,Produto de limpeza,,
SABAO EM PO 1KG,5,un,2026-08-05,Cozinha,1474520000,,2026-08-05,8,Produto de limpeza,,
AGUA SANITÁRIA 1L,2,un,2026-08-05,Cozinha,1474520000,,2026-08-05,8,Produto de limpeza,,
DETERGENTE LIQUIDO 500 ML,12,un,2026-08-05,Cozinha,1474520000,,2026-08-05,8,Produto de limpeza,,
PANO LIMPEZA,2,un,2026-08-05,Cozinha,1474520000,,2026-08-05,8,Produto de limpeza,,
Vassoura piaçava,1,un,2026-08-05,Cozinha,1474520000,,2026-08-05,8,Produto de limpeza,,
ESPONJA DUPLA FACE,2,un,2026-08-06,PNR(COMIMSUP),1474938000,,2026-08-06,8,Produto de limpeza,,18
SACO PLASTICO 40LT,50,un,2026-08-06,PNR(COMIMSUP),1474938000,,2026-08-06,8,Produto de limpeza,,
LIMPA VIDROS 500ML,1,un,2026-08-06,PNR(COMIMSUP),1474938000,,2026-08-06,8,Produto de limpeza,,
PANO PERFEX,5,un,2026-08-06,PNR(COMIMSUP),1474938000,,2026-08-06,8,Produto de limpeza,,
Vassoura piaçava,1,un,2026-08-06,PNR(COMIMSUP),1474938000,,2026-08-06,8,Produto de limpeza,,
DETERGENTE LIQUIDO 500 ML,6,un,2026-08-06,PNR(COMIMSUP),1474938000,,2026-08-06,8,Produto de limpeza,,
SABAO EM PO 1KG,2,un,2026-08-06,PNR(COMIMSUP),1474938000,,2026-08-06,8,Produto de limpeza,,
PAPEL HIGIÊNICO (PACOTE C/ 12 ROLOS),1,pacote,2026-08-06,PNR(COMIMSUP),1474938000,,2026-08-06,8,Produto de limpeza,,
ESPONJA DUPLA FACE,4,un,2026-08-06,Gabinete do Comandante,1474868000,,2026-08-06,8,Produto de limpeza,,6
SABAO EM PO 1KG,3,un,2026-08-06,Gabinete do Comandante,1474868000,,2026-08-06,8,Produto de limpeza,,
DETERGENTE LIQUIDO 500 ML,3,un,2026-08-06,PNR(COMIMSUP),1474876000,,2026-08-06,8,Produto de limpeza,,15
PAPEL HIGIÊNICO (PACOTE C/ 12 ROLOS),1,pacote,2026-08-06,PNR(COMIMSUP),1474876000,,2026-08-06,8,Produto de limpeza,,
Vassoura piaçava,1,un,2026-08-06,PNR(COMIMSUP),1474876000,,2026-08-06,8,Produto de limpeza,,
SABAO EM PO 1KG,2,un,2026-08-06,PNR(COMIMSUP),1474876000,,2026-08-06,8,Produto de limpeza,,
ESPONJA DUPLA FACE,2,un,2026-08-06,PNR(COMIMSUP),1474876000,,2026-08-06,8,Produto de limpeza,,
SACO PLASTICO 40LT,50,un,2026-08-06,PNR(COMIMSUP),1474876000,,2026-08-06,8,Produto de limpeza,,
PAPEL A4 BRANCO 210X297 RESMA DE 500,2,resma,2026-08-07,DP,1474583000,,2026-08-07,8,Produto de limpeza,,3
DETERGENTE LIQUIDO 500 ML,4,un,2026-08-07,DP,1474580000,,2026-08-07,8,Produto de limpeza,,10
SABAO EM PO 1KG,2,un,2026-08-07,DP,1474580000,,2026-08-07,8,Produto de limpeza,,
SABAO EM PO 1KG,3,un,2026-08-07,Aloj. Mas CB/MN,1473379000,,2026-08-07,8,Produto de limpeza,,12
PAPEL HIGIÊNICO (PACOTE C/ 12 ROLOS),12,rolo,2026-08-07,Aloj. Mas CB/MN,1473379000,,2026-08-07,8,Produto de limpeza,,
ESPONJA DUPLA FACE,1,un,2026-08-07,Aloj. Mas CB/MN,1473379000,,2026-08-07,8,Produto de limpeza,,
SACO PLASTICO 40LT,100,un,2026-08-07,Aloj. Mas CB/MN,1473379000,,2026-08-07,8,Produto de limpeza,,
DETERGENTE LIQUIDO 500 ML,3,un,2026-08-07,Aloj. Mas CB/MN,1473379000,,2026-08-07,8,Produto de limpeza,,
SACO PLASTICO 40LT,100,un,2026-08-07,Aloj. Fem CB/MN,1473355000,,2026-08-07,8,Produto de limpeza,,13
SABAO EM PO 1KG,3,un,2026-08-07,Aloj. Fem CB/MN,1473355000,,2026-08-07,8,Produto de limpeza,,
DETERGENTE LIQUIDO 500 ML,3,un,2026-08-07,Aloj. Fem CB/MN,1473355000,,2026-08-07,8,Produto de limpeza,,
PAPEL HIGIÊNICO (PACOTE C/ 12 ROLOS),12,rolo,2026-08-07,Aloj. Fem CB/MN,1473355000,,2026-08-07,8,Produto de limpeza,,
ESPONJA DUPLA FACE,1,un,2026-08-07,Aloj. Fem CB/MN,1473355000,,2026-08-07,8,Produto de limpeza,,
SACO PLASTICO 40LT,100,un,2026-08-07,Prefeitura,1473322000,,2026-08-07,8,Produto de limpeza,,13
ESPONJA DUPLA FACE,3,un,2026-08-07,Prefeitura,1473322000,,2026-08-07,8,Produto de limpeza,,
LIMPA VIDROS 500ML,1,un,2026-08-07,Prefeitura,1473322000,,2026-08-07,8,Produto de limpeza,,
DETERGENTE LIQUIDO 500 ML,3,un,2026-08-07,Prefeitura,1473322000,,2026-08-07,8,Produto de limpeza,,
PAPEL HIGIÊNICO (PACOTE C/ 12 ROLOS),12,rolo,2026-08-07,Prefeitura,1473322000,,2026-08-07,8,Produto de limpeza,,
SABAO EM PO 1KG,2,un,2026-08-07,Prefeitura,1473322000,,2026-08-07,8,Produto de limpeza,,
SACO PLASTICO 40LT,100,un,2026-08-07,Aloj. Fem Of.,1473312000,,2026-08-07,8,Produto de limpeza,,12
ESPONJA DUPLA FACE,1,un,2026-08-07,Aloj. Fem Of.,1473312000,,2026-08-07,8,Produto de limpeza,,
DETERGENTE LIQUIDO 500 ML,3,un,2026-08-07,Aloj. Fem Of.,1473312000,,2026-08-07,8,Produto de limpeza,,
PAPEL HIGIÊNICO (PACOTE C/ 12 ROLOS),12,rolo,2026-08-07,Aloj. Fem Of.,1473312000,,2026-08-07,8,Produto de limpeza,,
LIMPA VIDROS 500ML,1,un,2026-08-07,Aloj. Fem Of.,1473312000,,2026-08-07,8,Produto de limpeza,,
Pasta cartolina com grampo trilho,1,un,2026-08-07,Prefeitura,1476297000,,2026-08-07,8,Escritório,,5
SACO PLASTICO 40LT,100,un,2026-08-11,Salão CB/MN,1476267000,,2026-08-11,8,Produto de limpeza,,25
SACO PLASTICO 100LT,25,un,2026-08-11,Salão CB/MN,1476267000,,2026-08-11,8,Produto de limpeza,,
SABAO EM PO 1KG,5,un,2026-08-11,Salão CB/MN,1476267000,,2026-08-11,8,Produto de limpeza,,
ESPONJA DUPLA FACE,3,un,2026-08-11,Salão CB/MN,1476267000,,2026-08-11,8,Produto de limpeza,,
ALCOOL ETILICO 70% 1L,3,un,2026-08-11,Salão CB/MN,1476267000,,2026-08-11,8,Produto de limpeza,,
DETERGENTE LIQUIDO 500 ML,20,un,2026-08-11,Salão CB/MN,1476267000,,2026-08-11,8,Produto de limpeza,,
PANO PERFEX,3,un,2026-08-11,Salão CB/MN,1476267000,,2026-08-11,8,Produto de limpeza,,
LUVA DE LATEX FORRADA PARA LIMPEZA,3,un,2026-08-11,Salão CB/MN,1476267000,,2026-08-11,8,Produto de limpeza,,
LUVA P/PROCEDIMENTOS NÃO CIRÚGICO CX100,2,un,2026-08-11,Salão CB/MN,1476267000,,2026-08-11,8,Produto de limpeza,,
DETERGENTE LIQUIDO 500 ML,15,un,2026-08-11,Cozinha,142,,2026-08-11,8,Produto de limpeza,,25
SABAO EM PO 1KG,5,un,2026-08-11,Cozinha,142,,2026-08-11,8,Produto de limpeza,,
VASSOURA DE PELO SINTETICO,1,un,2026-08-11,Cozinha,142,,2026-08-11,8,Produto de limpeza,,
SACO PLASTICO 100LT,25,un,2026-08-11,Cozinha,142,,2026-08-11,8,Produto de limpeza,,
SACO PLASTICO 40LT,100,un,2026-08-11,Cozinha,142,,2026-08-11,8,Produto de limpeza,,
ESPONJA DUPLA FACE,3,un,2026-08-11,Cozinha,142,,2026-08-11,8,Produto de limpeza,,
SACO PLASTICO 100LT,25,un,2026-08-11,Cozinha,147627300,,2026-08-11,8,Produto de limpeza,,25
SACO PLASTICO 40LT,100,un,2026-08-11,Cozinha,147627300,,2026-08-11,8,Produto de limpeza,,
SABAO EM PO 1KG,5,un,2026-08-11,Cozinha,147627300,,2026-08-11,8,Produto de limpeza,,
DETERGENTE LIQUIDO 500 ML,15,un,2026-08-11,Cozinha,147627300,,2026-08-11,8,Produto de limpeza,,
SACO PLASTICO 100LT,25,un,2026-08-11,Cozinha,1476294000,,2026-08-11,8,Produto de limpeza,,25
SACO PLASTICO 40LT,100,un,2026-08-11,Cozinha,1476294000,,2026-08-11,8,Produto de limpeza,,
SABAO EM PO 1KG,5,un,2026-08-11,Cozinha,1476294000,,2026-08-11,8,Produto de limpeza,,
ESPONJA DUPLA FACE,6,un,2026-08-11,Cozinha,1476294000,,2026-08-11,8,Produto de limpeza,,
DETERGENTE LIQUIDO 500 ML,20,un,2026-08-11,Cozinha,1476294000,,2026-08-11,8,Produto de limpeza,,
VASSOURA DE PELO SINTETICO,2,un,2026-08-11,Cozinha,1476294000,,2026-08-11,8,Produto de limpeza,,
BALDE PLASTICO 10 LI P/LIMPEZA,2,un,2026-08-11,Cozinha,1476294000,,2026-08-11,8,Produto de limpeza,,
PAPEL A4 BRANCO 210X297 RESMA DE 500,2,resma,2026-08-13,DP,1478283000,,2026-08-13,8,Escritório,,5
Envelope pardo 325x450MM,10,un,2026-08-13,DP,1478283000,,2026-08-13,8,Escritório,,
SACO PLASTICO 40LT,100,un,2026-08-13,DP,1478271000,,2026-08-13,8,Produto de limpeza,,15
ESPONJA DUPLA FACE,4,un,2026-08-13,DP,1478271000,,2026-08-13,8,Produto de limpeza,,
PAPEL HIGIÊNICO (PACOTE C/ 04 ROLOS),6,un,2026-08-13,DP,1478271000,,2026-08-13,8,Produto de limpeza,,
DETERGENTE LIQUIDO 500 ML,1,un,2026-08-13,DP,1478271000,,2026-08-13,8,Produto de limpeza,,
SABAO EM PO 1KG,1,un,2026-08-13,SECOM,1477467000,,2026-08-13,8,Produto de limpeza,,15
SACO PLASTICO 40LT,10,un,2026-08-13,SECOM,1477467000,,2026-08-13,8,Produto de limpeza,,
ODORIZANTE DE AMBIENTES,2,un,2026-08-13,SECOM,1477467000,,2026-08-13,8,Produto de limpeza,,
ESPONJA DUPLA FACE,2,un,2026-08-13,SECOM,1477467000,,2026-08-13,8,Produto de limpeza,,
LUSTRA MOVEIS 200ML,1,un,2026-08-13,SECOM,1477467000,,2026-08-13,8,Produto de limpeza,,
PAPEL HIGIÊNICO (PACOTE C/ 12 ROLOS),2,un,2026-08-13,SECOM,1477467000,,2026-08-13,8,Produto de limpeza,,
DETERGENTE LIQUIDO 500 ML,3,un,2026-08-13,SECOM,1477467000,,2026-08-13,8,Produto de limpeza,,
ALCOOL ETILICO 70% 1L,2,un,2026-08-13,SECOM,1477467000,,2026-08-13,8,Produto de limpeza,,
Clips N2,1,un,2026-08-13,SECOM,1477484000,,2026-08-13,8,Escritório,,15
Clips N4,1,un,2026-08-13,SECOM,1477484000,,2026-08-13,8,Escritório,,
Prendedor de papel 41MM,5,un,2026-08-13,SECOM,1477484000,,2026-08-13,8,Escritório,,
Borracha escolar branca,3,un,2026-08-13,SECOM,1477484000,,2026-08-13,8,Escritório,,
Cola plástica 90g,1,un,2026-08-13,SECOM,1477484000,,2026-08-13,8,Escritório,,
PAPEL A4 BRANCO 210X297 RESMA DE 500,1,resma,2026-08-13,SECOM,1477484000,,2026-08-13,8,Escritório,,
Tesoura 21 cm,2,un,2026-08-13,SECOM,1477484000,,2026-08-13,8,Escritório,,
Envelope pardo 162x229MM,5,un,2026-08-13,SECOM,1477484000,,2026-08-13,8,Escritório,,
Envelope pardo 325x450MM,10,un,2026-08-13,SECOM,1477484000,,2026-08-13,8,Escritório,,
Botas,7,un,2026-08-12,Of. de Docagem,1479103000,,2026-08-12,8,Escritório,,8
"CAIXA DE PASSAGEM DE 12 X 5,5 CM",6,un,2026-08-12,Of. de Máquinas,1479121000,,2026-08-12,8,Industrial,,8
PARAFUSO SEX. ACO GALV. ( 3/4 X 2 ),2,un,2026-08-12,Of. de Máquinas,1479121000,,2026-08-12,8,Industrial,,
FITA ISOLANTE AUTA FUSAO,1,un,2026-08-13,Of. de Máquinas,1479121000,,2026-08-12,8,Industrial,,
SACO PLASTICO 40LT,230,un,2026-08-06,PNR,1479118000,,2026-08-06,8,Produto de limpeza,,10
PAPEL HIGIÊNICO (PACOTE C/ 12 ROLOS),1,un,2026-07-30,Div. De Transportes,1473342000,,2026-08-11,8,Produto de limpeza,,15
DETERGENTE LIQUIDO 500 ML,2,un,2026-07-30,Div. De Transportes,1473342000,,2026-08-11,8,Produto de limpeza,,
SACO PLASTICO 40LT,20,un,2026-07-30,Div. De Transportes,1473342000,,2026-08-11,8,Produto de limpeza,,
PANO LIMPEZA,2,un,2026-07-30,Div. De Transportes,1473342000,,2026-08-11,8,Produto de limpeza,,
Pasta cartolina com grampo trilho,10,un,2026-07-30,Div. De Transportes,1473349000,,2026-08-11,8,Escritório,,
Pasta p/ arquivo suspenso,10,un,2026-07-30,Div. De Transportes,1473349000,,2026-08-11,8,Escritório,,
PAPEL A4 BRANCO 210X297 RESMA DE 500,1,un,2026-07-30,Div. De Transportes,1473349000,,2026-08-11,8,Escritório,,
Envelope pardo 325x450MM,10,un,2026-07-30,Div. De Transportes,1473349000,,2026-08-11,8,Escritório,,
DETERGENTE LIQUIDO 500 ML,30,un,2026-08-07,Cozinha,1476270000,,2026-08-11,8,Produto de limpeza,,20
DESINFETANTE LIQUIDO EMBALAGEM 1 LI,2,un,2026-08-07,Cozinha,1476270000,,2026-08-11,8,Produto de limpeza,,
SABAO EM PO 1KG,5,un,2026-08-07,Cozinha,1476270000,,2026-08-11,8,Produto de limpeza,,
ESPONJA DUPLA FACE,5,un,2026-08-07,Cozinha,1476270000,,2026-08-11,8,Produto de limpeza,,
Vassoura piaçava,1,un,2026-08-07,Cozinha,1476270000,,2026-08-11,8,Produto de limpeza,,
SACO PLASTICO 40LT,200,un,2026-08-07,Cozinha,1476270000,,2026-08-11,8,Produto de limpeza,,
PANO LIMPEZA,2,un,2026-08-07,Cozinha,1476270000,,2026-08-11,8,Produto de limpeza,,
LAMPADA DE LED EKOLED BULBO 12W 6000K,2,un,2026-08-11,SEÇÃO DE OBRAS ESTRUTURAIS,1479087000,,2026-08-11,8,Industrial,,8
"CHAPA ALUMINIO LISA LIGA 5052-H34 12,7MM X 1250MM X 6000MM",1,un,2026-08-13,SEÇÃO DE OBRAS ESTRUTURAIS,1479084000,,2026-08-13,8,Industrial,,15
SACO PLASTICO 40LT,75,un,2026-08-07,Açougue,1476273000,,2026-08-11,8,Produto de limpeza,,20
DESINFETANTE LIQUIDO EMBALAGEM 1 LI,1,un,2026-08-07,Açougue,1476273000,,2026-08-11,8,Produto de limpeza,,
DETERGENTE LIQUIDO 500 ML,6,un,2026-08-07,Açougue,1476273000,,2026-08-11,8,Produto de limpeza,,
SABAO EM PO 1KG,5,un,2026-08-07,Açougue,1476273000,,2026-08-11,8,Produto de limpeza,,
ESPONJA DUPLA FACE,3,un,2026-08-07,Açougue,1476273000,,2026-08-11,8,Produto de limpeza,,
TUBO PVC ESGOTO 50 mm,1,un,2026-08-13,PNR,1479303000,,2026-08-13,8,Prefeitura,,15
RALO,1,un,2026-08-13,PNR,1479303000,,2026-08-13,8,Prefeitura,,
JOELHO PVC 50 MM PARA ESGOTO,1,un,2026-08-13,PNR,1479303000,,2026-08-13,8,Prefeitura,,
DETERGENTE LIQUIDO 500 ML,3,un,2026-08-18,Almirante,1478786000,,2026-08-18,8,Produto de limpeza,,15
PAPEL HIGIÊNICO (PACOTE C/ 12 ROLOS),1,un,2026-08-18,Almirante,1478786000,,2026-08-18,8,Produto de limpeza,,
ESPONJA DUPLA FACE,3,un,2026-08-18,Almirante,1478786000,,2026-08-18,8,Produto de limpeza,,
LIMPA VIDROS 500ML,3,un,2026-08-18,Almirante,1478786000,,2026-08-18,8,Produto de limpeza,,
SACO PLASTICO 40LT,50,un,2026-08-18,Almirante,1478786000,,2026-08-18,8,Produto de limpeza,,
PÁ PARA LIXO PEQUENA,4,un,2026-08-18,Faxina do Mestre,1480094000,,2026-08-18,8,Produto de limpeza,,10
PAPEL HIGIÊNICO (PACOTE C/ 12 ROLOS),12,un,2026-08-20,Conforto,1478869000,,2026-08-20,8,Produto de limpeza,,15
SACO PLASTICO 40LT,50,un,2026-08-20,Conforto,1478869000,,2026-08-20,8,Produto de limpeza,,
LIMPA VIDROS 500ML,3,un,2026-08-20,Conforto,1478869000,,2026-08-20,8,Produto de limpeza,,
DETERGENTE LIQUIDO 500 ML,3,un,2026-08-20,Conforto,1478869000,,2026-08-20,8,Produto de limpeza,,
ESPONJA DUPLA FACE,3,un,2026-08-20,Conforto,1478869000,,2026-08-20,8,Produto de limpeza,,
LIMPA VIDROS 500ML,1,un,2026-08-20,Aloj. Fem CB/MN,1478895000,,2026-08-20,8,Produto de limpeza,,15
SACO PLASTICO 40LT,50,un,2026-08-20,Aloj. Fem CB/MN,1478895000,,2026-08-20,8,Produto de limpeza,,
DETERGENTE LIQUIDO 500 ML,3,un,2026-08-20,Aloj. Fem CB/MN,1478895000,,2026-08-20,8,Produto de limpeza,,
PAPEL HIGIÊNICO (PACOTE C/ 12 ROLOS),12,un,2026-08-20,Aloj. Fem CB/MN,1478895000,,2026-08-20,8,Produto de limpeza,,
ESPONJA DUPLA FACE,3,un,2026-08-20,Aloj. Fem CB/MN,1478895000,,2026-08-20,8,Produto de limpeza,,
PAPEL HIGIÊNICO (PACOTE C/ 12 ROLOS),12,un,2026-08-20,Aloj. Fem Of.,1478888000,,2026-08-20,8,Produto de limpeza,,15
SACO PLASTICO 40LT,50,un,2026-08-20,Aloj. Fem Of.,1478888000,,2026-08-20,8,Produto de limpeza,,
DETERGENTE LIQUIDO 500 ML,3,un,2026-08-20,Aloj. Fem Of.,1478888000,,2026-08-20,8,Produto de limpeza,,
ESPONJA DUPLA FACE,3,un,2026-08-20,Aloj. Fem Of.,1478888000,,2026-08-20,8,Produto de limpeza,,
ALCOOL ETILICO 70% 1L,3,un,2026-08-20,Cozinha,1477758000,,2026-08-20,8,Produto de limpeza,,15
DETERGENTE LIQUIDO 500 ML,3,un,2026-08-20,Cozinha,1477758000,,2026-08-20,8,Produto de limpeza,,
SACO PLASTICO 40LT,100,un,2026-08-20,Cozinha,1477758000,,2026-08-20,8,Produto de limpeza,,
ESPONJA DUPLA FACE,3,un,2026-08-20,Cozinha,1477758000,,2026-08-20,8,Produto de limpeza,,
PAPEL A4 BRANCO 210X297 RESMA DE 500,3,resma,2026-08-20,Conforto/Contabilidade,1477758000,,2026-08-20,8,Escritório,,15
DETERGENTE LIQUIDO 500 ML,5,un,2026-08-13,CEM,1478853000,,2026-08-17,8,Produto de limpeza,,9
ESPONJA DUPLA FACE,3,un,2026-08-13,CEM,1478853000,,2026-08-17,8,Produto de limpeza,,
SACO PLASTICO 40LT,50,un,2026-08-13,CEM,1478853000,,2026-08-17,8,Produto de limpeza,,
DETERGENTE LIQUIDO 500 ML,30,un,2026-08-13,Salão CB/MN,1479124000,,2026-08-17,8,Produto de limpeza,,7
ODORIZANTE DE AMBIENTES,2,un,2026-08-13,Salão CB/MN,1479124000,,2026-08-17,8,Produto de limpeza,,
ALCOOL ETILICO 70% 1L,3,un,2026-08-13,Salão CB/MN,1479124000,,2026-08-17,8,Produto de limpeza,,
ESPONJA DUPLA FACE,5,un,2026-08-13,Salão CB/MN,1479124000,,2026-08-17,8,Produto de limpeza,,
SACO PLASTICO 40LT,200,un,2026-08-13,Salão CB/MN,1479124000,,2026-08-17,8,Produto de limpeza,,
SABAO EM PO 1KG,10,un,2026-08-13,Salão CB/MN,1479124000,,2026-08-17,8,Produto de limpeza,,
ESPONJA DUPLA FACE,3,un,2026-08-13,Padaria,1479126000,,2026-08-17,8,Produto de limpeza,,7
SACO PLASTICO 40LT,100,un,2026-08-13,Padaria,1479126000,,2026-08-17,8,Produto de limpeza,,
SABÃO EM PÓ 1KG,5,un,2026-08-13,Padaria,1479126000,,2026-08-17,8,Produto de limpeza,,
DETERGENTE LIQUIDO 500 ML,12,un,2026-08-13,Padaria,1479126000,,2026-08-17,8,Produto de limpeza,,
SABÃO EM PÓ 1KG,2,un,2026-08-07,Of. de Docagem,1476296000,,2026-08-07,8,Produto de limpeza,,11
SACO PLASTICO 40LT,40,un,2026-08-07,Of. de Docagem,1476296000,,2026-08-07,8,Produto de limpeza,,
ESPONJA DUPLA FACE,4,un,2026-08-07,Of. de Docagem,1476296000,,2026-08-07,8,Produto de limpeza,,
PAPEL HIGIÊNICO (PACOTE C/ 12 ROLOS),1,un,2026-08-07,Of. de Docagem,1476296000,,2026-08-07,8,Produto de limpeza,,
DETERGENTE LIQUIDO 500 ML,6,un,2026-08-07,Of. de Docagem,1476296000,,2026-08-07,8,Produto de limpeza,,
ESPONJA DUPLA FACE,3,un,2026-08-13,Açougue,1479107000,,2026-08-17,8,Produto de limpeza,,10
SABÃO EM PÓ 1KG,5,un,2026-08-13,Açougue,1479107000,,2026-08-17,8,Produto de limpeza,,
SACO PLASTICO 40LT,100,un,2026-08-13,Açougue,1479107000,,2026-08-17,8,Produto de limpeza,,
DETERGENTE LIQUIDO 500 ML,1,un,2026-08-13,Açougue,1479107000,,2026-08-17,8,Produto de limpeza,,
DETERGENTE LIQUIDO 500 ML,30,un,2026-08-13,Cozinha,1479125000,,2026-08-17,8,Produto de limpeza,,8
SACO PLASTICO 40LT,200,un,2026-08-13,Cozinha,1479125000,,2026-08-17,8,Produto de limpeza,,
SABÃO EM PÓ 1KG,10,un,2026-08-13,Cozinha,1479125000,,2026-08-17,8,Produto de limpeza,,
ESPONJA DUPLA FACE,5,un,2026-08-13,Cozinha,1479125000,,2026-08-17,8,Produto de limpeza,,
DESINFETANTE LÍQUIDO 5LITROS,4,un,2026-08-13,Cozinha,1479125000,,2026-08-17,8,Produto de limpeza,,
"FITA PVC BRANCA TEXTIL 22MM X 0,45MM X 20M",15,un,2026-08-18,Div. De Refrigeração,1480858000,,2026-08-18,8,Industrial,,20
MANGUEIRA CRISTAL 1/2,1,un,2026-08-18,Div. De Refrigeração,1480858000,,2026-08-18,8,Industrial,,
DESINCRUSTANTE,2,un,2026-08-18,Div. De Refrigeração,1480858000,,2026-08-18,8,Industrial,,
DESENGRAXANTE LIQUIDO (5LI),5,un,2026-08-18,Div. De Refrigeração,1480858000,,2026-08-18,8,Industrial,,
FITA ISOLANTE AUTA FUSAO,5,un,2026-08-18,Div. De Refrigeração,1480858000,,2026-08-18,8,Industrial,,
FITA ADESIVA MULTIUSO SILVER TAPE 48 X 50,5,un,2026-08-18,Div. De Refrigeração,1480858000,,2026-08-18,8,Industrial,,
MANIFOLD,2,un,2026-08-18,Div. De Refrigeração,1480858000,,2026-08-18,8,Industrial,,
"JOGO DE CHAVE ALLEN 10PEÇAS DE 1,5 A 10MM",1,un,2026-08-13,Divisão de Máquinas,1480851000,,2026-08-13,8,Industrial,,17
ESCOVA DE AÇO,3,un,2026-08-13,Divisão de Máquinas,1480851000,,2026-08-13,8,Industrial,,
DISCO DE DESBASTE 4 1/2 x 1/4 x 7/8,10,un,2026-08-13,Divisão de Máquinas,1480851000,,2026-08-13,8,Industrial,,
ABAFADOR SOM,1,un,2026-08-13,Divisão de Máquinas,1480851000,,2026-08-13,8,Industrial,,
BROCA ACO RAPIDO 1/4,4,un,2026-08-13,Divisão de Máquinas,1480851000,,2026-08-13,8,Industrial,,
BROCA ACO RAPIDO 5/16 POL,7,un,2026-08-13,Divisão de Máquinas,1480851000,,2026-08-13,8,Industrial,,
BROCA AÇO RAPIDO 05/16,2,un,2026-08-13,Divisão de Máquinas,1480851000,,2026-08-13,8,Industrial,,
BICO FERRO SOLDAR ELETRICO,4,un,2026-08-13,Divisão de Máquinas,1480851000,,2026-08-13,8,Industrial,,
FITA ISOLANTE AUTA FUSAO,2,un,2026-08-13,Divisão de Máquinas,1480851000,,2026-08-13,8,Industrial,,
FITA VEDA ROSCA (TEFLON) 18MM X 25M,10,un,2026-08-13,Divisão de Máquinas,1480851000,,2026-08-13,8,Industrial,,
COSSINETE,1,un,2026-08-13,Divisão de Máquinas,1480851000,,2026-08-13,8,Industrial,,
ARCO DE SERRA PIAL,1,un,2026-08-13,Divisão de Máquinas,1480807000,,2026-08-13,8,Industrial,20,
LIXA FERRO Nº 100,50,un,2026-08-13,Divisão de Máquinas,1480807000,,2026-08-13,8,Industrial,,
MASSA EPOXI,1,un,2026-08-13,Divisão de Máquinas,1480807000,,2026-08-13,8,Industrial,,
PARAFUSO AÇO INOX CAB. SEXT. 1/2 X 2 1/2 RP 12 FIOS,4,un,2026-08-13,Divisão de Máquinas,1480807000,,2026-08-13,8,Industrial,,
GRAMPO DE ANCORAGEM 15KV 50MM2,3,un,2026-08-13,Divisão de Máquinas,1480807000,,2026-08-13,8,Industrial,,
PARAFUSO SEX. ACO GALV. ( 3/4 X 2 ),1,un,2026-08-13,Divisão de Máquinas,1480807000,,2026-08-13,8,Industrial,,
ESTICADOR PARA CABO DE AÇO 3/8,1,un,2026-08-13,Divisão de Máquinas,1480807000,,2026-08-13,8,Industrial,,
PASTILHAS INTERCAMBIÁVEIS METAL DURO,10,un,2026-08-13,Divisão de Máquinas,1480807000,,2026-08-13,8,Industrial,,
DESENGRAXANTE LIQUIDO (5LI),1,un,2026-08-13,Divisão de Máquinas,1480807000,,2026-08-13,8,Industrial,,
LUVA DE RASPA 10 POLEGADAS,12,un,2026-08-13,Divisão de Máquinas,1480807000,,2026-08-13,8,Industrial,,
ISOLADOR EPOXI 16 x 30 MM,1,un,2026-08-13,PNR(COMIMSUP),1480751000,,2026-08-13,8,Prefeitura,18,
ROLO DE ESPUMA 23CM,4,un,2026-08-13,PNR(COMIMSUP),1480751000,,2026-08-13,8,Prefeitura,,
TINTA ACRILICA BRANCA,3,un,2026-08-13,PNR(COMIMSUP),1480751000,,2026-08-13,8,Prefeitura,,
PINCEL Nº 02,5,un,2026-08-13,PNR(COMIMSUP),1480751000,,2026-08-13,8,Prefeitura,,
TINTA CINZA PISO,2,un,2026-08-13,PNR(COMIMSUP),1480751000,,2026-08-13,8,Prefeitura,,
ADESIVO EPOXI,1,un,2026-08-13,PNR(COMIMSUP),1480751000,,2026-08-13,8,Prefeitura,,
ESTRUTURAL,3,un,2026-08-13,PNR(COMIMSUP),1480751000,,2026-08-13,8,Prefeitura,,
ROLO DE LÃ 9 CM,3,un,2026-08-13,PNR(COMIMSUP),1480751000,,2026-08-13,8,Prefeitura,,
TINTA ESMALTE PRETO,1,un,2026-08-13,PNR(COMIMSUP),1480751000,,2026-08-13,8,Prefeitura,,
SACO PLASTICO 40LT,125,un,2026-08-07,Padaria,1476294000,,2026-08-11,8,Produto de limpeza,,
SABÃO EM PÓ 1KG,5,un,2026-08-07,Padaria,1476294000,,2026-08-11,8,Produto de limpeza,,
ESPONJA DUPLA FACE,3,un,2026-08-07,Padaria,1476294000,,2026-08-11,8,Produto de limpeza,,
VASSOURA PIACAVA,1,un,2026-08-07,Padaria,1476294000,,2026-08-11,8,Produto de limpeza,,
DETERGENTE LIQUIDO 500 ML,12,un,2026-08-07,Padaria,1476294000,,2026-08-11,8,Produto de limpeza,,
ESPONJA DUPLA FACE,1,un,2026-08-25,PNR(COMIMSUP),1481343000,,2026-08-25,8,Produto de limpeza,,15
DETERGENTE LIQUIDO 500 ML,1,un,2026-08-25,PNR(COMIMSUP),1481343000,,2026-08-25,8,Produto de limpeza,,
PAPEL HIGIÊNICO (PACOTE C/ 12 ROLOS),12,un,2026-08-25,PNR(COMIMSUP),1481318000,,2026-08-25,8,Produto de limpeza,,15
DETERGENTE LIQUIDO 500 ML,3,un,2026-08-25,PNR(COMIMSUP),1481318000,,2026-08-25,8,Produto de limpeza,,
ESPONJA DUPLA FACE,3,un,2026-08-25,PNR(COMIMSUP),1481318000,,2026-08-25,8,Produto de limpeza,,
PANO LIMPEZA,8,un,2026-08-25,DP,123,,2026-08-25,8,Produto de limpeza,,15
Lacre,100,un,2026-08-25,DP,123,,2026-08-25,8,Escritório,,15
Envelope pardo 325x450MM,10,un,2026-08-25,DP,1479823000,,2026-08-25,8,Escritório,,15
PAPEL A4 BRANCO 210X297 RESMA DE 500,2,resma,2026-08-25,DP,1479823000,,2026-08-25,8,Escritório,,
DETERGENTE LIQUIDO 500 ML,4,un,2026-08-25,DP,1479804000,,2026-08-25,8,Produto de limpeza,,20
SABAO EM PO 1KG,3,un,2026-08-25,DP,1479804000,,2026-08-25,8,Produto de limpeza,,
PAPEL HIGIÊNICO (PACOTE C/ 12 ROLOS),1,un,2026-08-25,DP,1479804000,,2026-08-25,8,Produto de limpeza,,
ALCOOL ETILICO 70% 1L,1,un,2026-08-25,DP,1479804000,,2026-08-25,8,Produto de limpeza,,
PAPEL HIGIÊNICO (PACOTE C/ 04 ROLOS),11,un,2026-08-25,DP,1479804000,,2026-08-25,8,Produto de limpeza,,
SACO PLASTICO 40LT,50,un,2026-08-25,Div. De Refrigeração,123,,2026-08-25,8,Produto de limpeza,,20
SACO PLÁSTICO PARA LIXO 50 LITROS,25,un,2026-08-25,Div. De Refrigeração,123,,2026-08-25,8,Produto de limpeza,,
PAPEL HIGIÊNICO (PACOTE C/ 04 ROLOS),12,un,2026-08-25,Div. De Refrigeração,123,,2026-08-25,8,Produto de limpeza,,
DETERGENTE LIQUIDO 500 ML,4,un,2026-08-25,Div. De Refrigeração,123,,2026-08-25,8,Produto de limpeza,,
TOUCA C/100UN,1,un,2026-08-25,Cozinha,123,,2026-08-25,8,Produto de limpeza,,20
PANO PERFEX,10,un,2026-08-25,Cozinha,123,,2026-08-25,8,Produto de limpeza,,
BALDE PLASTICO 10 LI P/LIMPEZA,2,un,2026-08-25,Cozinha,123,,2026-08-25,8,Produto de limpeza,,
LUVA P/PROCEDIMENTOS NÃO CIRÚGICO CX100,4,cx,2026-08-25,Cozinha,123,,2026-08-25,8,Produto de limpeza,,
ESPONJA DUPLA FACE,10,un,2026-08-25,Salão CB/MN,1491951000,,2026-08-25,8,Produto de limpeza,,25
SACO PLASTICO 40LT,200,un,2026-08-25,Salão CB/MN,1491951000,,2026-08-25,8,Produto de limpeza,,
ALCOOL ETILICO 70% 1L,5,un,2026-08-25,Salão CB/MN,1491951000,,2026-08-25,8,Produto de limpeza,,
SABAO EM PO 1KG,10,un,2026-08-25,Salão CB/MN,1491951000,,2026-08-25,8,Produto de limpeza,,
DETERGENTE LIQUIDO 500 ML,30,un,2026-08-25,Salão CB/MN,1491951000,,2026-08-25,8,Produto de limpeza,,
PANO LIMPEZA,10,un,2026-08-25,Salão CB/MN,1491951000,,2026-08-25,8,Produto de limpeza,,
SABAO EM PO 1KG,5,un,2026-08-25,Padaria,1481968000,,2026-08-25,8,Produto de limpeza,,20
SACO PLASTICO 40LT,200,un,2026-08-25,Padaria,1481968000,,2026-08-25,8,Produto de limpeza,,
DETERGENTE LIQUIDO 500 ML,20,un,2026-08-25,Padaria,1481968000,,2026-08-25,8,Produto de limpeza,,
ESPONJA DUPLA FACE,3,un,2026-08-25,Padaria,1481968000,,2026-08-25,8,Produto de limpeza,,
SACO PLASTICO 40LT,220,un,2026-08-25,Cozinha,1481964000,,2026-08-25,8,Produto de limpeza,,20
SABAO EM PO 1KG,10,un,2026-08-25,Cozinha,1481964000,,2026-08-25,8,Produto de limpeza,,
SACO PLASTICO 40LT,200,un,2026-08-25,Açougue,1481969000,,2026-08-25,8,Produto de limpeza,,20
SABAO EM PO 1KG,5,un,2026-08-25,Açougue,1481969000,,2026-08-25,8,Produto de limpeza,,
ALCOOL ETILICO 70% 1L,1,un,2026-08-25,Assessoria Jurídica,1483231000,,2026-08-25,8,Produto de limpeza,,5
SACO PLASTICO 40LT,10,un,2026-08-25,Assessoria Jurídica,1483231000,,2026-08-25,8,Produto de limpeza,,
PANO LIMPEZA,1,un,2026-08-25,Assessoria Jurídica,1483231000,,2026-08-25,8,Produto de limpeza,,
UNIÃO DE FERRO GALVANIZADO 1 1/2,2,UN,2026-08-25,Of. de Estruturas,1483648000,,2026-08-25,8,Industrial,,10
TEE AÇO GALVANIZADO 1 1/2,2,UN,2026-08-25,Of. de Estruturas,1483648000,,2026-08-25,8,Industrial,,
COTOVELO 1 AÇO GALVANIZADO 90º,1,UN,2026-08-25,Of. de Estruturas,1483648000,,2026-08-25,8,Industrial,,
COTOVELO PVC 1 1/2,3,UN,2026-08-25,Of. de Estruturas,1483648000,,2026-08-25,8,Industrial,,
PISTOLA PINTURA,1,UN,2026-08-25,Of. de Estruturas,1483669000,,2026-08-25,8,Industrial,,45
NIVEL DE ALUMINIO14,1,UN,2026-08-25,Of. de Estruturas,1483669000,,2026-08-25,8,Industrial,,
ALAVANCA MANUAL,1,UN,2026-08-25,Of. de Estruturas,1483669000,,2026-08-25,8,Industrial,,
"ELETRODO 6013 AWS 2,5",10,KG,2026-08-25,Of. de Estruturas,1483669000,,2026-08-25,8,Industrial,,
"ELETRODO AÇO CARBONO 7018 2,5MM",20,KG,2026-08-25,Of. de Estruturas,1483669000,,2026-08-25,8,Industrial,,
DISCO DE CORTE 4 1/2 X 3/64 POL X 7/8 POL,50,UN,2026-08-25,Of. de Estruturas,1483669000,,2026-08-25,8,Industrial,,
LAMINA DE SERRA,1,UN,2026-08-25,Of. de Estruturas,1483669000,,2026-08-25,8,Industrial,,
BARRA ROSCADA AÇO 3/4 x 1 m,1,UN,2026-08-25,Of. de Estruturas,1483669000,,2026-08-25,8,Industrial,,
BARRA ROSCADA AÇO 1/2 x 50 cm,3,UN,2026-08-25,Of. de Estruturas,1483669000,,2026-08-25,8,Industrial,,
RISCADOR TIPO CANETA,2,UN,2026-08-25,Of. de Estruturas,1483669000,,2026-08-25,8,Industrial,,
DESINFETANTE LÍQUIDO 5LITROS,2,un,2026-08-28,Cozinha,1485064000,,2026-08-28,8,Produto de limpeza,,13
SACO PLASTICO 40LT,200,un,2026-08-28,Cozinha,1485064000,,2026-08-28,8,Produto de limpeza,,
PANO LIMPEZA,5,un,2026-08-28,Cozinha,1485064000,,2026-08-28,8,Produto de limpeza,,
DETERGENTE LIQUIDO 500 ML,20,un,2026-08-28,Cozinha,1485064000,,2026-08-28,8,Produto de limpeza,,
ALCOOL ETILICO 70% 1L,3,un,2026-08-28,Cozinha,1485064000,,2026-08-28,8,Produto de limpeza,,
DESENGRAXANTE LIQUIDO (5LI),2,UN,2026-08-28,Cozinha,1484680000,,2026-08-28,8,Industrial,,5
PAPEL HIGIÊNICO (PACOTE C/ 12 ROLOS),1,un,2026-08-28,Of. de Docagem,1484648000,,2026-08-28,8,Produto de limpeza,,25
ESPONJA DUPLA FACE,2,un,2026-08-28,Of. de Docagem,1484648000,,2026-08-28,8,Produto de limpeza,,
DESINFETANTE LÍQUIDO 5LITROS,1,un,2026-08-28,Of. de Docagem,1484648000,,2026-08-28,8,Produto de limpeza,,
SACO PLASTICO 40LT,25,un,2026-08-28,Of. de Docagem,1484648000,,2026-08-28,8,Produto de limpeza,,
DESINFETANTE BIO-KRISS MULTIUSO 500ML,2,un,2026-08-28,Of. de Docagem,1484648000,,2026-08-28,8,Produto de limpeza,,
ALCOOL ETILICO 70% 1L,1,un,2026-08-28,Of. de Docagem,1484648000,,2026-08-28,8,Produto de limpeza,,
DETERGENTE LIQUIDO 500 ML,4,un,2026-08-28,Of. de Docagem,1484648000,,2026-08-28,8,Produto de limpeza,,
PANO LIMPEZA,4,un,2026-08-28,Of. de Docagem,1484648000,,2026-08-28,8,Produto de limpeza,,
SABONETE LÍQUIDO 500ML,1,un,2026-08-28,Of. de Docagem,1484648000,,2026-08-28,8,Produto de limpeza,,
PÁ PARA LIXO PEQUENA,1,un,2026-08-28,Of. de Docagem,1484648000,,2026-08-28,8,Produto de limpeza,,
VASSOURA DE PELO SINTETICO,1,un,2026-08-28,Of. de Docagem,1484648000,,2026-08-28,8,Produto de limpeza,,
DISJUNTOR TRIPOLAR 175A,3,UN,2026-08-31,Div. De Eletricidade,1486069000,,2026-08-31,8,Industrial,,20
ISOLADOR EPOXI 16 x 30 MM,12,UN,2026-08-31,Div. De Eletricidade,1486069000,,2026-08-31,8,Industrial,,
SACO PLASTICO 40LT,30,un,2026-08-31,ETA/ETE,1480005000,,2026-08-31,8,Produto de limpeza,,15
DETERGENTE LIQUIDO 500 ML,2,un,2026-08-31,ETA/ETE,1480005000,,2026-08-31,8,Produto de limpeza,,
ALCOOL ETILICO 70% 1L,2,un,2026-08-31,ETA/ETE,1480005000,,2026-08-31,8,Produto de limpeza,,
PAPEL HIGIÊNICO (PACOTE C/ 12 ROLOS),1,un,2026-08-31,ETA/ETE,1480005000,,2026-08-31,8,Produto de limpeza,,
ESPONJA DUPLA FACE,1,un,2026-08-31,ETA/ETE,1480005000,,2026-08-31,8,Produto de limpeza,,
DESINFETANTE LÍQUIDO 5LITROS,1,un,2026-08-31,ETA/ETE,1480005000,,2026-08-31,8,Produto de limpeza,,
SABAO EM PO 1KG,1,un,2026-08-31,ETA/ETE,1480005000,,2026-08-31,8,Produto de limpeza,,
Lacre,100,un,2026-08-25,Div. De Transportes,125487935,,2026-08-25,8,Escritório,,5
DETERGENTE LIQUIDO 500 ML,3,un,2026-08-17,Faxina do Mestre,1480019000,,2026-08-17,8,Produto de limpeza,,12
SACO PLASTICO 40LT,100,un,2026-08-17,Faxina do Mestre,1480019000,,2026-08-17,8,Produto de limpeza,,
ESPONJA DUPLA FACE,3,un,2026-08-17,Faxina do Mestre,1480019000,,2026-08-17,8,Produto de limpeza,,
BOBINA P/ MAQUINA CALCULAR 57 m x 30 m 1 via,2,un,2026-08-10,DP,1476567000,,2026-08-13,8,Escritório,,7
ALCOOL ETILICO 70% 1L,2,un,2026-08-05,ETA/ETE,1475219000,,2026-08-13,8,Produto de limpeza,,15
PANO LIMPEZA,2,un,2026-08-05,ETA/ETE,1475219000,,2026-08-13,8,Produto de limpeza,,
ESPONJA DUPLA FACE,1,un,2026-08-05,ETA/ETE,1475219000,,2026-08-13,8,Produto de limpeza,,
SACO PLASTICO 100LT,10,un,2026-08-05,ETA/ETE,1475219000,,2026-08-13,8,Produto de limpeza,,
DETERGENTE LIQUIDO 500 ML,2,un,2026-08-05,ETA/ETE,1475219000,,2026-08-13,8,Produto de limpeza,,
PAPEL HIGIÊNICO (PACOTE C/ 12 ROLOS),1,un,2026-08-05,ETA/ETE,1475219000,,2026-08-13,8,Produto de limpeza,,
FITA VEDA ROSCA,2,un,2026-08-19,Salão CB/MN,1481377000,,2026-08-21,8,Prefeitura,,15
ENGATE FLEXÍVEL 40cm,4,un,2026-08-19,Salão CB/MN,1481377000,,2026-08-21,8,Prefeitura,,
ESPONJA DUPLA FACE,10,un,2026-08-20,Salão CB/MN,1481951000,,2026-08-21,8,Produto de limpeza,,17
SACO PLASTICO 40LT,200,un,2026-08-20,Salão CB/MN,1481951000,,2026-08-21,8,Produto de limpeza,,
ALCOOL ETILICO 70% 1L,5,un,2026-08-20,Salão CB/MN,1481951000,,2026-08-21,8,Produto de limpeza,,
SABAO EM PO 1KG,10,un,2026-08-20,Salão CB/MN,1481951000,,2026-08-21,8,Produto de limpeza,,
DETERGENTE LIQUIDO 500 ML,30,un,2026-08-20,Salão CB/MN,1481951000,,2026-08-21,8,Produto de limpeza,,
PANO LIMPEZA,10,un,2026-08-20,Salão CB/MN,1481951000,,2026-08-21,8,Produto de limpeza,,
ODORIZANTE DE AMBIENTES,1,un,2026-08-20,Salão CB/MN,1481951000,,2026-08-21,8,Produto de limpeza,,
Vassoura piaçava,2,un,2026-08-20,Salão CB/MN,1481951000,,2026-08-21,8,Produto de limpeza,,
ARGAMASSA,5,un,2026-08-20,PNR(COMIMSUP),1486308000,,2026-08-21,8,Prefeitura,,18
"TINTA ESMALTE SINTETICO BRILHANTE GELO EM GALOES DE 3,6 LITROS",1,un,2026-08-20,PNR(COMIMSUP),1486308000,,2026-08-21,8,Prefeitura,,
LAMPADA LED BULBO 9w,6,un,2026-08-20,PNR(COMIMSUP),1486308000,,2026-08-21,8,Prefeitura,,
REJUNTE BRANCO,2,un,2026-08-20,PNR(COMIMSUP),1486308000,,2026-08-21,8,Prefeitura,,
VALVULA SCHRADER,10,un,2026-08-31,Div. De Refrigeração,1486306000,,2026-08-31,8,Industrial,,7
DESENGRAXANTE LIQUIDO (5LI),10,un,2026-08-31,Div. De Refrigeração,1486306000,,2026-08-31,8,Industrial,,
SACO PLASTICO 40LT,75,un,2026-08-31,Div. De Refrigeração,1486302000,,2026-08-31,8,Produto de limpeza,,9
PAPEL HIGIÊNICO (PACOTE C/ 12 ROLOS),12,un,2026-08-31,Div. De Refrigeração,1486302000,,2026-08-31,8,Produto de limpeza,,
DETERGENTE LIQUIDO 500 ML,4,un,2026-08-31,Div. De Refrigeração,1486302000,,2026-08-31,8,Produto de limpeza,,
PANO LIMPEZA,8,un,2026-08-20,DP,1486292000,,2026-08-20,8,Produto de limpeza,,5
CHAPA DE COMPENSADO 10 MM,2,un,2026-08-20,GrEOpRibMT,1486281000,,2026-08-20,8,Prefeitura,,17
BALDE PLASTICO 10 LI P/LIMPEZA,2,un,2026-08-29,Cozinha,1486267000,,2026-08-29,8,Produto de limpeza,,5
PANO LIMPEZA,15,un,2026-08-29,Cozinha,1486267000,,2026-08-29,8,Produto de limpeza,,
BALDE PLASTICO 10 LI P/LIMPEZA,2,un,2026-08-17,Cozinha,1486277000,,2026-08-17,8,Produto de limpeza,,5
PANO LIMPEZA,15,un,2026-08-17,Cozinha,1486277000,,2026-08-17,8,Produto de limpeza,,
PANO LIMPEZA,10,un,2026-08-11,Cozinha,1486263000,,2026-08-11,8,Produto de limpeza,,5
BALDE PLASTICO 10 LI P/LIMPEZA,2,un,2026-08-11,Cozinha,1486263000,,2026-08-11,8,Produto de limpeza,,
SACO PLASTICO 40LT,50,un,2026-08-20,PNR(COMIMSUP),1482910000,,2026-08-20,8,Produto de limpeza,,6
FIO FLEXIVEL AMARELO 1.5 MM,20,me,2026-08-26,Faxina do Mestre,1486205000,,2026-08-26,8,Prefeitura,,6
TOMADA SIMPLES DE EMBUTIR 10A /250V,4,un,2026-08-26,Faxina do Mestre,1486205000,,2026-08-26,8,Prefeitura,,
SABAO EM PO 1KG,2,un,2026-09-03,SECOM,1483332000,,2026-09-03,9,Produto de limpeza,,5
DETERGENTE LIQUIDO 500 ML,2,un,2026-09-03,SECOM,1483332000,,2026-09-03,9,Produto de limpeza,,
PAPEL HIGIÊNICO (PACOTE C/ 04 ROLOS),2,un,2026-09-03,SECOM,1483332000,,2026-09-03,9,Produto de limpeza,,
SACO PLASTICO 40LT,15,un,2026-09-03,SECOM,1483332000,,2026-09-03,9,Produto de limpeza,,
ALCOOL ETILICO 70% 1L,2,un,2026-09-03,SECOM,1483332000,,2026-09-03,9,Produto de limpeza,,
PANO LIMPEZA,3,un,2026-09-03,SECOM,1483332000,,2026-09-03,9,Produto de limpeza,,
ESPONJA DUPLA FACE,1,un,2026-09-03,SECOM,1483332000,,2026-09-03,9,Produto de limpeza,,
PANO PERFEX,4,un,2026-09-03,SECOM,1483332000,,2026-09-03,9,Produto de limpeza,,
Tesoura 21 cm,1,un,2026-09-03,SECOM,1483361000,,2026-09-03,9,Escritório,,5
Borracha escolar branca,2,un,2026-09-03,SECOM,1483361000,,2026-09-03,9,Escritório,,
SABAO EM PO 1KG,2,un,2026-09-03,Açougue,1486194000,,2026-09-03,9,Produto de limpeza,,10
SACO PLASTICO 40LT,100,un,2026-09-03,Açougue,1486194000,,2026-09-03,9,Produto de limpeza,,
DETERGENTE LIQUIDO 500 ML,5,un,2026-09-03,Açougue,1486194000,,2026-09-03,9,Produto de limpeza,,
DESINFETANTE LÍQUIDO 5LITROS,1,un,2026-09-03,Açougue,1486194000,,2026-09-03,9,Produto de limpeza,,
PANO LIMPEZA,3,un,2026-09-03,Açougue,1486194000,,2026-09-03,9,Produto de limpeza,,
SACO PLASTICO 40LT,50,un,2026-09-03,Prefeitura,1483368000,,2026-09-03,9,Produto de limpeza,,13
ESPONJA DUPLA FACE,1,un,2026-09-03,Prefeitura,1483368000,,2026-09-03,9,Produto de limpeza,,
DETERGENTE LIQUIDO 500 ML,1,un,2026-09-03,Prefeitura,1483368000,,2026-09-03,9,Produto de limpeza,,
PANO LIMPEZA,2,un,2026-09-03,Prefeitura,1483368000,,2026-09-03,9,Produto de limpeza,,
ALCOOL ETILICO 70% 1L,1,un,2026-09-03,Prefeitura,1483368000,,2026-09-03,9,Produto de limpeza,,
PAPEL HIGIÊNICO (PACOTE C/ 12 ROLOS),1,un,2026-09-03,Prefeitura,1483368000,,2026-09-03,9,Produto de limpeza,,
PAPEL HIGIÊNICO (PACOTE C/ 12 ROLOS),1,un,2026-09-03,Aloj. Mas CB/MN,1483328000,,2026-09-03,9,Produto de limpeza,,9
ESPONJA DUPLA FACE,1,un,2026-09-03,Aloj. Mas CB/MN,1483328000,,2026-09-03,9,Produto de limpeza,,
PANO LIMPEZA,2,un,2026-09-03,Aloj. Mas CB/MN,1483328000,,2026-09-03,9,Produto de limpeza,,
SACO PLASTICO 40LT,50,un,2026-09-03,Aloj. Mas CB/MN,1483328000,,2026-09-03,9,Produto de limpeza,,
DETERGENTE LIQUIDO 500 ML,1,un,2026-09-03,Aloj. Mas CB/MN,1483328000,,2026-09-03,9,Produto de limpeza,,
ALCOOL ETILICO 70% 1L,1,un,2026-09-03,Aloj. Mas CB/MN,1483328000,,2026-09-03,9,Produto de limpeza,,
ALCOOL ETILICO 70% 1L,1,un,2026-09-03,Aloj. Fem CB/MN,1483363000,,2026-09-03,9,Produto de limpeza,,10
PAPEL HIGIÊNICO (PACOTE C/ 12 ROLOS),1,un,2026-09-03,Aloj. Fem CB/MN,1483363000,,2026-09-03,9,Produto de limpeza,,
DETERGENTE LIQUIDO 500 ML,1,un,2026-09-03,Aloj. Fem CB/MN,1483363000,,2026-09-03,9,Produto de limpeza,,
SACO PLASTICO 40LT,50,un,2026-09-03,Aloj. Fem CB/MN,1483363000,,2026-09-03,9,Produto de limpeza,,
PANO LIMPEZA,2,un,2026-09-03,Aloj. Fem CB/MN,1483363000,,2026-09-03,9,Produto de limpeza,,
ESPONJA DUPLA FACE,1,un,2026-09-03,Aloj. Fem CB/MN,1483363000,,2026-09-03,9,Produto de limpeza,,
PAPEL HIGIÊNICO (PACOTE C/ 12 ROLOS),1,un,2026-09-03,Aloj. Fem Of.,1483337000,,2026-09-03,9,Produto de limpeza,,10
DETERGENTE LIQUIDO 500 ML,1,un,2026-09-03,Aloj. Fem Of.,1483337000,,2026-09-03,9,Produto de limpeza,,
PANO LIMPEZA,3,un,2026-09-03,Aloj. Fem Of.,1483337000,,2026-09-03,9,Produto de limpeza,,
ESPONJA DUPLA FACE,1,un,2026-09-03,Aloj. Fem Of.,1483337000,,2026-09-03,9,Produto de limpeza,,
ALCOOL ETILICO 70% 1L,1,un,2026-09-03,Aloj. Fem Of.,1483337000,,2026-09-03,9,Produto de limpeza,,
SACO PLASTICO 40LT,50,un,2026-09-03,Aloj. Fem Of.,1483337000,,2026-09-03,9,Produto de limpeza,,
DETERGENTE LIQUIDO 500 ML,30,un,2026-09-03,Cozinha,1486146000,,2026-09-03,9,Produto de limpeza,,10
PANO LIMPEZA,5,un,2026-09-03,Cozinha,1486146000,,2026-09-03,9,Produto de limpeza,,
DESINFETANTE LÍQUIDO 5LITROS,3,un,2026-09-03,Cozinha,1486146000,,2026-09-03,9,Produto de limpeza,,
SACO PLASTICO 40LT,200,un,2026-09-03,Cozinha,1486146000,,2026-09-03,9,Produto de limpeza,,
SABAO EM PO 1KG,10,un,2026-09-03,Cozinha,1486146000,,2026-09-03,9,Produto de limpeza,,
ESPONJA DUPLA FACE,5,un,2026-09-03,Cozinha,1486146000,,2026-09-03,9,Produto de limpeza,,
SACO PLASTICO 40LT,100,un,2026-09-03,Padaria,1486195000,,2026-09-03,9,Produto de limpeza,,10
SABAO EM PO 1KG,2,un,2026-09-03,Padaria,1486195000,,2026-09-03,9,Produto de limpeza,,
DETERGENTE LIQUIDO 500 ML,5,un,2026-09-03,Padaria,1486195000,,2026-09-03,9,Produto de limpeza,,
PANO LIMPEZA,3,un,2026-09-03,Padaria,1486195000,,2026-09-03,9,Produto de limpeza,,
SACO PLASTICO 40LT,200,un,2026-09-03,Salão CB/MN,1486165000,,2026-09-03,9,Produto de limpeza,,12
SABAO EM PO 1KG,10,un,2026-09-03,Salão CB/MN,1486165000,,2026-09-03,9,Produto de limpeza,,
DESINFETANTE LÍQUIDO 5LITROS,3,un,2026-09-03,Salão CB/MN,1486165000,,2026-09-03,9,Produto de limpeza,,
DETERGENTE LIQUIDO 500 ML,30,un,2026-09-03,Salão CB/MN,1486165000,,2026-09-03,9,Produto de limpeza,,
ESPONJA DUPLA FACE,5,un,2026-09-03,Salão CB/MN,1486165000,,2026-09-03,9,Produto de limpeza,,
PANO LIMPEZA,5,un,2026-09-03,Salão CB/MN,1486165000,,2026-09-03,9,Produto de limpeza,,
ALCOOL ETILICO 70% 1L,5,un,2026-09-03,Salão CB/MN,1486165000,,2026-09-03,9,Produto de limpeza,,
BUCHA COM PARAFUSO Nº10,60,UN,2026-09-03,Prefeitura,1487827000,,2026-09-03,9,Prefeitura,,25
PARAFUSO FENDA 5/16 X 1/2PG,100,UN,2026-09-03,Prefeitura,1487827000,,2026-09-03,9,Prefeitura,,
LIXA MASSA NR 100,25,UN,2026-09-03,Prefeitura,1487827000,,2026-09-03,9,Prefeitura,,
TINTA ACRÍLICA SEMIBRILHO BRANCO GELO,1,GL,2026-09-03,Prefeitura,1487827000,,2026-09-03,9,Prefeitura,,
ESPATULA NYLON PRT 25125/100 TRMONTINA,2,UN,2026-09-03,Prefeitura,1487827000,,2026-09-03,9,Prefeitura,,
ESPATULA INOX,1,UN,2026-09-03,Prefeitura,1487827000,,2026-09-03,9,Prefeitura,,
REPARO DE VÁLVULA DE DESCARGA 1 1/2,2,UN,2026-09-03,Prefeitura,1487827000,,2026-09-03,9,Prefeitura,,
JOGO BROCA,1,UN,2026-09-03,Prefeitura,1487827000,,2026-09-03,9,Prefeitura,,
CORANTE PRETO LIQUIDO,4,UN,2026-09-03,Prefeitura,1487827000,,2026-09-03,9,Prefeitura,,
TRINCHA DE ½ POL.,2,UN,2026-09-03,Prefeitura,1487827000,,2026-09-03,9,Prefeitura,,
PAPEL A4 BRANCO 210X297 RESMA DE 500,1,resma,2026-09-03,Prefeitura,1487834000,,2026-09-03,9,Escritório,,5
PANO LIMPEZA,15,un,2026-09-03,VDT,1487790000,,2026-09-03,9,Produto de limpeza,,5
TINTA PRETA,1,GL,2026-09-03,VDT,1487835000,,2026-09-03,9,Prefeitura,,5
PAPEL A4 BRANCO 210X297 RESMA DE 500,4,resma,2026-09-09,Conforto/Contabilidade,1489133000,,2026-09-09,9,Escritório,,5
PANO LIMPEZA,2,un,2026-09-10,ETA/ETE,1488441000,,2026-09-10,9,Produto de limpeza,,10
DESINFETANTE LÍQUIDO 5LITROS,1,un,2026-09-10,ETA/ETE,1488441000,,2026-09-10,9,Produto de limpeza,,
ALCOOL ETILICO 70% 1L,2,un,2026-09-10,ETA/ETE,1488441000,,2026-09-10,9,Produto de limpeza,,
PAPEL HIGIÊNICO (PACOTE C/ 12 ROLOS),1,un,2026-09-10,ETA/ETE,1488441000,,2026-09-10,9,Produto de limpeza,,
DETERGENTE LIQUIDO 500 ML,2,un,2026-09-10,ETA/ETE,1488441000,,2026-09-10,9,Produto de limpeza,,
DESINFETANTE BIO-KRISS MULTIUSO 500ML,2,un,2026-09-10,ETA/ETE,1488441000,,2026-09-10,9,Produto de limpeza,,
VASSOURA DE PELO SINTETICO,1,un,2026-09-10,ETA/ETE,1488441000,,2026-09-10,9,Produto de limpeza,,
PAPEL A4 BRANCO 210X297 RESMA DE 500,1,resma,2026-09-10,SECOM,1488891000,,2026-09-10,9,Escritório,,2
SACO PLASTICO 100LT,100,un,2026-09-11,Faxina do Mestre,1489410000,,2026-09-11,9,Produto de limpeza,,5
TINTA BRANCO NEVE,1,un,2026-09-11,Faxina do Mestre,1489431000,,2026-09-11,9,Prefeitura,,5
PANO LIMPEZA,5,un,2026-09-11,Salão CB/MN,1489373000,,2026-09-11,9,Produto de limpeza,,10
DESINFETANTE LÍQUIDO 5LITROS,2,un,2026-09-11,Salão CB/MN,1489373000,,2026-09-11,9,Produto de limpeza,,
VASSOURA DE PELO SINTETICO,1,un,2026-09-11,Salão CB/MN,1489373000,,2026-09-11,9,Produto de limpeza,,
SACO PLASTICO 40LT,100,un,2026-09-11,Salão CB/MN,1489373000,,2026-09-11,9,Produto de limpeza,,
SABAO EM PO 1KG,6,un,2026-09-11,Salão CB/MN,1489373000,,2026-09-11,9,Produto de limpeza,,
PÁ PARA LIXO PEQUENA,2,un,2026-09-11,Salão CB/MN,1489373000,,2026-09-11,9,Produto de limpeza,,
ALCOOL ETILICO 70% 1L,5,un,2026-09-11,Salão CB/MN,1489373000,,2026-09-11,9,Produto de limpeza,,
SACO PLASTICO 100LT,100,un,2026-09-11,Salão CB/MN,1489373000,,2026-09-11,9,Produto de limpeza,,
DETERGENTE LIQUIDO 500 ML,36,un,2026-09-11,Salão CB/MN,1489373000,,2026-09-11,9,Produto de limpeza,,
PAPEL A4 BRANCO 210X297 RESMA DE 500,2,resma,2026-09-11,Conforto,1489464000,,2026-09-11,9,Escritório,,5
ALCOOL ETILICO 70% 1L,2,un,2026-09-11,Conforto,1489460000,,2026-09-11,9,Produto de limpeza,,13
DESINFETANTE LÍQUIDO 5LITROS,1,un,2026-09-11,Conforto,1489460000,,2026-09-11,9,Produto de limpeza,,
PANO LIMPEZA,2,un,2026-09-11,Conforto,1489460000,,2026-09-11,9,Produto de limpeza,,
SACO PLASTICO 40LT,50,un,2026-09-11,Conforto,1489460000,,2026-09-11,9,Produto de limpeza,,
SACO PLASTICO 100LT,50,un,2026-09-11,Conforto,1489460000,,2026-09-11,9,Produto de limpeza,,
VASSOURA DE PELO SINTETICO,1,un,2026-09-11,Conforto,1489460000,,2026-09-11,9,Produto de limpeza,,
DETERGENTE LIQUIDO 500 ML,36,un,2026-09-11,Cozinha,1489367000,,2026-09-11,9,Produto de limpeza,,15
DESINFETANTE LÍQUIDO 5LITROS,1,un,2026-09-11,Cozinha,1489367000,,2026-09-11,9,Produto de limpeza,,
PANO LIMPEZA,5,un,2026-09-11,Cozinha,1489367000,,2026-09-11,9,Produto de limpeza,,
SABAO EM PO 1KG,10,un,2026-09-11,Cozinha,1489367000,,2026-09-11,9,Produto de limpeza,,
SACO PLASTICO 100LT,100,un,2026-09-11,Cozinha,1489367000,,2026-09-11,9,Produto de limpeza,,
SACO PLASTICO 40LT,200,un,2026-09-11,Cozinha,1489367000,,2026-09-11,9,Produto de limpeza,,
PÁ PARA LIXO PEQUENA,3,un,2026-09-11,Cozinha,1489367000,,2026-09-11,9,Produto de limpeza,,
PANO LIMPEZA,2,un,2026-09-11,Açougue,1489377000,,2026-09-11,9,Produto de limpeza,,13
DETERGENTE LIQUIDO 500 ML,6,un,2026-09-11,Açougue,1489377000,,2026-09-11,9,Produto de limpeza,,
DESINFETANTE LÍQUIDO 5LITROS,1,un,2026-09-11,Açougue,1489377000,,2026-09-11,9,Produto de limpeza,,
SABAO EM PO 1KG,3,un,2026-09-11,Açougue,1489377000,,2026-09-11,9,Produto de limpeza,,
SACO PLASTICO 100LT,100,un,2026-09-11,Açougue,1489377000,,2026-09-11,9,Produto de limpeza,,
SACO PLASTICO 40LT,50,un,2026-09-11,Açougue,1489377000,,2026-09-11,9,Produto de limpeza,,
SACO PLASTICO 40LT,50,un,2026-09-11,Padaria,1489387000,,2026-09-11,9,Produto de limpeza,,15
SACO PLASTICO 100LT,50,un,2026-09-11,Padaria,1489387000,,2026-09-11,9,Produto de limpeza,,
SABAO EM PO 1KG,2,un,2026-09-11,Padaria,1489387000,,2026-09-11,9,Produto de limpeza,,
PANO LIMPEZA,2,un,2026-09-11,Padaria,1489387000,,2026-09-11,9,Produto de limpeza,,
DESINFETANTE LÍQUIDO 5LITROS,1,un,2026-09-11,Padaria,1489387000,,2026-09-11,9,Produto de limpeza,,
DETERGENTE LIQUIDO 500 ML,6,un,2026-09-11,Padaria,1489387000,,2026-09-11,9,Produto de limpeza,,
LUVA DE LATEX FORRADA PARA LIMPEZA,3,un,2026-09-11,Cozinha,s/n,,2026-09-11,9,Produto de limpeza,,7
PANO PERFEX,10,un,2026-09-11,Cozinha,s/n,,2026-09-11,9,Produto de limpeza,,
VASSOURA PIACAVA,2,UN,2026-09-15,Carpintaria,1489439000,,2026-09-15,9,Produto de limpeza,,
PANO LIMPEZA,3,un,2026-09-15,Carpintaria,1489439000,,2026-09-15,9,Produto de limpeza,,
SACO PLASTICO 100LT,100,un,2026-09-15,Faxina do Mestre,1491529000,,2026-09-15,9,Produto de limpeza,,10
DESINFETANTE EUCALIPTO 5 LITROS,1,,2026-09-15,Faxina do Mestre,1491529000,,2026-09-15,9,Produto de limpeza,,
PANO LIMPEZA,3,un,2026-09-15,Faxina do Mestre,1491529000,,2026-09-15,9,Produto de limpeza,,
PAPEL A4 BRANCO 210X297 RESMA DE 500,1,resma,2026-09-15,Faxina do Mestre,1491529000,,2026-09-15,9,Produto de limpeza,,
SACO PLASTICO 100LT,10,un,2026-09-15,Contabilidade,1491598000,,2026-09-15,9,Produto de limpeza,,10
ALCOOL ETILICO,2,UN,2026-09-15,Contabilidade,1491598000,,2026-09-15,9,Produto de limpeza,,
PAPEL A4 BRANCO 210X297 RESMA DE 500,2,resma,2026-09-15,Contabilidade,1491598000,,2026-09-15,9,Produto de limpeza,,
SACO PLASTICO 40LT,10,un,2026-09-15,Contabilidade,1491598000,,2026-09-15,9,Produto de limpeza,,
DESINFETANTE EUCALIPTO 5 LITROS,1,un,2026-09-15,Contabilidade,1491598000,,2026-09-15,9,Produto de limpeza,,
CLIPS N 2,2,un,2026-09-15,Contabilidade,1491598000,,2026-09-15,9,Produto de limpeza,,
GRAMPEADOR P/PAPEL,1,un,2026-09-15,Contabilidade,1491598000,,2026-09-15,9,Produto de limpeza,,
PANO LIMPEZA,3,un,2026-09-15,Contabilidade,1491598000,,2026-09-15,9,Produto de limpeza,,
ALCOOL ETILICO,3,UN,2026-09-15,Gabinete do Comandante,1489926000,,2026-09-15,9,Produto de limpeza,,10
PANO LIMPEZA,5,un,2026-09-15,Gabinete do Comandante,1489926000,,2026-09-15,9,Produto de limpeza,,
POLIDOR DE METAIS 200ML,1,un,2026-09-15,Gabinete do Comandante,1489926000,,2026-09-15,9,Produto de limpeza,,
SABONETE LIQUIDO REFIL 800ML,2,un,2026-09-15,Gabinete do Comandante,1489926000,,2026-09-15,9,Produto de limpeza,,
PAPEL A4 BRANCO 210X297 RESMA DE 500,1,resma,2026-09-15,Gabinete do Comandante,1489926000,,2026-09-15,9,Produto de limpeza,,
SACO PLASTICO 100LT,30,un,2026-09-15,Gabinete do Comandante,1489926000,,2026-09-15,9,Produto de limpeza,,
DESINFETANTE EUCALIPTO 5 LITROS,2,un,2026-09-15,Gabinete do Comandante,1489926000,,2026-09-15,9,Produto de limpeza,,
PAPEL HIGIÊNICO FOLHA DUPLA,2,PA,2026-09-15,Gabinete do Comandante,1489926000,,2026-09-15,9,Produto de limpeza,,
SACO PLASTICO 40LT,50,un,2026-09-15,Gabinete do Comandante,1489926000,,2026-09-15,9,Produto de limpeza,,
SACO PLASTICO 40LT,40,un,2026-09-16,Of. de Docagem,1492109000,,2026-09-16,9,Produto de limpeza,,15
BALDE AÇO 12LT,1,,2026-09-16,Of. de Docagem,1492109000,,2026-09-16,9,Produto de limpeza,,
NÃO DEVE SER DETERGENTE LIQUIDO NEUTRO,4,,2026-09-16,Of. de Docagem,1492109000,,2026-09-16,9,Produto de limpeza,,
DESINFETANTE EUCALIPTO 5 LITROS,2,,2026-09-16,Of. de Docagem,1492109000,,2026-09-16,9,Produto de limpeza,,
ALCOOL ETILICO,2,UN,2026-09-16,Of. de Docagem,1492109000,,2026-09-16,9,Produto de limpeza,,
PAPEL HIGIÊNICO (PACOTE C/ 04 ROLOS),3,un,2026-09-16,Of. de Docagem,1492109000,,2026-09-16,9,Produto de limpeza,,
PANO LIMPEZA,5,un,2026-09-16,Of. de Docagem,1492109000,,2026-09-16,9,Produto de limpeza,,
SABONETE LIQUIDO REFIL 800ML,3,,2026-09-16,Of. de Docagem,1492109000,,2026-09-16,9,Produto de limpeza,,
SABÃO EM PÓ 1KG,2,,2026-09-16,Of. de Docagem,1492109000,,2026-09-16,9,Produto de limpeza,,
VASSOURA PIACAVA,1,UN,2026-09-16,Of. de Docagem,1492109000,,2026-09-16,9,Produto de limpeza,,
SABONETE LIQUIDO REFIL 800ML,2,,2026-09-16,Paiol de Mantimentos,1490304000,,2026-09-16,9,Produto de limpeza,,15
NÃO DEVE SER SACO PLASTICO 100LT,100,,2026-09-16,Paiol de Mantimentos,1490304000,,2026-09-16,9,Produto de limpeza,,
PANO LIMPEZA,2,un,2026-09-16,Paiol de Mantimentos,1490304000,,2026-09-16,9,Produto de limpeza,,
VASSOURA PIACAVA,2,UN,2026-09-16,Paiol de Mantimentos,1490304000,,2026-09-16,9,Produto de limpeza,,
PAPEL HIGIÊNICO (PACOTE C/ 04 ROLOS),2,un,2026-09-16,Paiol de Mantimentos,1490304000,,2026-09-16,9,Produto de limpeza,,
SACO PLASTICO 40LT,100,un,2026-09-16,Paiol de Mantimentos,1490304000,,2026-09-16,9,Produto de limpeza,,
DESINFETANTE EUCALIPTO 5 LITROS,1,,2026-09-16,Paiol de Mantimentos,1490304000,,2026-09-16,9,Produto de limpeza,,
PAPEL A4 BRANCO 210X297 RESMA DE 500,2,resma,2026-09-18,Paiol de Mantimentos,1490305000,,2026-09-18,9,Produto de limpeza,,5
SABONETE LIQUIDO REFIL 800ML,1,,2026-09-18,Of. de Docagem,1492153000,,2026-09-18,9,Produto de limpeza,,15
VASSOURA PIACAVA,1,UN,2026-09-18,Of. de Docagem,1492153000,,2026-09-18,9,Produto de limpeza,,
NÃO DEVE SER PANO LIMPEZA,4,,2026-09-18,Of. de Docagem,1492153000,,2026-09-18,9,Produto de limpeza,,
ALCOOL ETILICO,2,UN,2026-09-18,Of. de Docagem,1492153000,,2026-09-18,9,Produto de limpeza,,
SACO PLASTICO 40LT,25,un,2026-09-18,Of. de Docagem,1492153000,,2026-09-18,9,Produto de limpeza,,
SACO PLASTICO 100LT,25,un,2026-09-18,Of. de Docagem,1492153000,,2026-09-18,9,Produto de limpeza,,
PAPEL HIGIÊNICO (PACOTE C/ 04 ROLOS),6,un,2026-09-18,Of. de Docagem,1492153000,,2026-09-18,9,Produto de limpeza,,
DESINFETANTE EUCALIPTO 5 LITROS,1,,2026-09-18,Of. de Docagem,1492153000,,2026-09-18,9,Produto de limpeza,,
SABÃO EM PÓ 1KG,3,,2026-09-18,Of. de Docagem,1492153000,,2026-09-18,9,Produto de limpeza,,
SACO PLASTICO 100LT,15,un,2026-09-18,ETA/ETE,1493292000,,2026-09-18,9,Produto de limpeza,,10
PANO LIMPEZA,3,un,2026-09-18,ETA/ETE,1493292000,,2026-09-18,9,Produto de limpeza,,
PAPEL HIGIÊNICO FOLHA DUPLA,2,PA,2026-09-18,ETA/ETE,1493292000,,2026-09-18,9,Produto de limpeza,,
DESINFETANTE EUCALIPTO 5 LITROS,1,,2026-09-18,ETA/ETE,1493292000,,2026-09-18,9,Produto de limpeza,,
ALCOOL ETILICO,1,UN,2026-09-18,ETA/ETE,1493292000,,2026-09-18,9,Produto de limpeza,,
LUVA DE LATEX FORRADA PARA LIMPEZA,4,un,2026-09-21,ETA/ETE,123,,2026-09-21,9,Produto de limpeza,,5
ESPONJA DUPLA FACE,3,un,2026-09-21,ETA/ETE,123,,2026-09-21,9,Produto de limpeza,,
PEDRA SANITÁRIA,2,un,2026-09-21,ETA/ETE,123,,2026-09-21,9,Produto de limpeza,,
SACO PLASTICO 100LT,100,un,2026-09-22,Faxina do Mestre,1494280000,,2026-09-22,9,Produto de limpeza,,2
CHAPA DE COMPENSADO 6MM,1,UN,2026-09-23,Carpintaria,1494613000,,2026-09-23,9,Prefeitura,,12
SACO PLASTICO 100LT,100,un,2026-09-23,Cozinha,149309000,,2026-09-23,9,Produto de limpeza,,10
SACO PLASTICO 40LT,100,un,2026-09-23,Cozinha,149309000,,2026-09-23,9,Produto de limpeza,,
NÃO DEVE SER PANO LIMPEZA,3,,2026-09-23,Cozinha,149309000,,2026-09-23,9,Produto de limpeza,,
DESINFETANTE EUCALIPTO 5 LITROS,1,,2026-09-23,Cozinha,149309000,,2026-09-23,9,Produto de limpeza,,
SACO PLASTICO 100LT,100,un,2026-09-23,Cozinha,1493093000,,2026-09-23,9,Produto de limpeza,,16
SACO PLASTICO 40LT,100,un,2026-09-23,Cozinha,1493093000,,2026-09-23,9,Produto de limpeza,,
PANO LIMPEZA,3,un,2026-09-23,Cozinha,1493093000,,2026-09-23,9,Produto de limpeza,,
DESINFETANTE EUCALIPTO 5 LITROS,1,,2026-09-23,Cozinha,1493093000,,2026-09-23,9,Produto de limpeza,,
PAPEL HIGIÊNICO FOLHA DUPLA,2,PA,2026-09-30,Of. de Docagem,1497800000,,2026-09-30,9,Produto de limpeza,,10
ESPONJA DE AÇO,2,pacote,2026-09-30,Of. de Docagem,1497800000,,2026-09-30,9,Produto de limpeza,,
DESINFETANTE EUCALIPTO 5 LITROS,1,,2026-09-30,Of. de Docagem,1497800000,,2026-09-30,9,Produto de limpeza,,
SACO PLASTICO 100LT,20,un,2026-09-30,Of. de Docagem,1497800000,,2026-09-30,9,Produto de limpeza,,
ALCOOL ETILICO,1,UN,2026-09-30,Of. de Docagem,1497800000,,2026-09-30,9,Produto de limpeza,,
SABÃO EM PÓ SACO C/ 1 KG,1,,2026-09-30,Of. de Docagem,1497800000,,2026-09-30,9,Produto de limpeza,,
SABONETE LIQUIDO REFIL 800ML,2,,2026-09-30,Of. de Docagem,1497800000,,2026-09-30,9,Produto de limpeza,,
PANO LIMPEZA,5,un,2026-09-30,Of. de Docagem,1497800000,,2026-09-30,9,Produto de limpeza,,
SACO PLASTICO 40LT,30,un,2026-09-30,Of. de Docagem,1497800000,,2026-09-30,9,Produto de limpeza,,
SACO PLASTICO 100LT,15,un,2026-10-01,ETA/ETE,1497349000,,2026-10-01,10,Produto de limpeza,,13
ALCOOL ETILICO,2,UN,2026-10-01,ETA/ETE,1497349000,,2026-10-01,10,Produto de limpeza,,
DESINFETANTE EUCALIPTO 5 LITROS,1,,2026-10-01,ETA/ETE,1497349000,,2026-10-01,10,Produto de limpeza,,
PAPEL HIGIÊNICO (PACOTE C/ 04 ROLOS),3,un,2026-10-01,ETA/ETE,1497349000,,2026-10-01,10,Produto de limpeza,,
ESPONJA DE AÇO,1,pacote,2026-10-01,ETA/ETE,1497349000,,2026-10-01,10,Produto de limpeza,,
PANO LIMPEZA,3,un,2026-10-01,ETA/ETE,1497349000,,2026-10-01,10,Produto de limpeza,,
SACO PLASTICO 40LT,10,un,2026-10-01,ETA/ETE,1497349000,,2026-10-01,10,Produto de limpeza,,
SABÃO EM PÓ 1KG,2,,2026-10-01,ETA/ETE,1497349000,,2026-10-01,10,Produto de limpeza,,
